RaceId,RaceName,CourseId,CourseName,Off,RaceType,Class,Pattern,RatingBand,AgeBand,SexRestriction,Distance,DistanceInFurlongs,DistanceInMeters,DistanceInYards,Going,Surface,HorseId,HorseName,JockeyId,JockeyName,TrainerId,TrainerName,Age,HeadGear,RaceCardNumber,StallNumber,Weight,WeightInPounds,FractionalOdds,DecimalOdds,OfficialRating,RacingPostRating,TopSpeedRating
893836,Eastern Power Systems Handicap,104,Yarmouth,05/22/2025 14:25:00,Other,Class 6,,0-60,4yo+,None,1m6f,14,2815,3080,Good To Firm,Turf,3466239,Raqisa,101378,Marcelino Rodrigues,42134,Lemos De Souza,7,tb,1,4,9-9,153,SP,,60,68,
893836,Eastern Power Systems Handicap,104,Yarmouth,05/22/2025 14:25:00,Other,Class 6,,0-60,4yo+,None,1m6f,14,2815,3080,Good To Firm,Turf,4599610,Principessa,100531,Aidan Keeley,26177,John Butler,5,,2,10,9-8,152,SP,,59,,
893836,Eastern Power Systems Handicap,104,Yarmouth,05/22/2025 14:25:00,Other,Class 6,,0-60,4yo+,None,1m6f,14,2815,3080,Good To Firm,Turf,2057749,Cherry Cola,100384,Rose Dawes,6505,Sheena West,9,p,3,2,9-8,152,SP,,59,72,69
893836,Eastern Power Systems Handicap,104,Yarmouth,05/22/2025 14:25:00,Other,Class 6,,0-60,4yo+,None,1m6f,14,2815,3080,Good To Firm,Turf,5008005,Two Plus Two,95815,Darragh Keenan,7300,Ed de Giles,5,b,4,9,9-8,152,SP,,59,70,64
893836,Eastern Power Systems Handicap,104,Yarmouth,05/22/2025 14:25:00,Other,Class 6,,0-60,4yo+,None,1m6f,14,2815,3080,Good To Firm,Turf,2246964,Hidden Pearl,100868,Taryn Langley,9440,John Berry,9,,5,3,9-4,148,SP,,55,69,64
893836,Eastern Power Systems Handicap,104,Yarmouth,05/22/2025 14:25:00,Other,Class 6,,0-60,4yo+,None,1m6f,14,2815,3080,Good To Firm,Turf,2832949,Dereham,93237,Kieran Shoemark,9440,John Berry,9,,7,7,9-1,145,SP,,52,73,58
893836,Eastern Power Systems Handicap,104,Yarmouth,05/22/2025 14:25:00,Other,Class 6,,0-60,4yo+,None,1m6f,14,2815,3080,Good To Firm,Turf,5509266,Wannabeawallaby,95388,David Egan,39413,Dylan Cunha,4,,8,5,8-11,139,SP,,48,73,69
893836,Eastern Power Systems Handicap,104,Yarmouth,05/22/2025 14:25:00,Other,Class 6,,0-60,4yo+,None,1m6f,14,2815,3080,Good To Firm,Turf,4662596,Trackman,83746,Silvestre De Sousa,36683,Simon Pearce,5,p,9,6,8-9,137,SP,,46,68,63
893836,Eastern Power Systems Handicap,104,Yarmouth,05/22/2025 14:25:00,Other,Class 6,,0-60,4yo+,None,1m6f,14,2815,3080,Good To Firm,Turf,5093065,Desejada,92620,Dylan Hogan,26177,John Butler,5,,10,1,8-9,137,SP,,46,71,23
893834,Winning Experience With Moulton Racing Handicap,104,Yarmouth,05/22/2025 14:55:00,Other,Class 5,,0-68,4yo+,None,1m2f,10,2010,2200,Good To Firm,Turf,5671267,Risen Again,92565,Rowan Scott,38170,Alice Haynes,4,hp,1,2,9-11,155,SP,,70,81,67
893834,Winning Experience With Moulton Racing Handicap,104,Yarmouth,05/22/2025 14:55:00,Other,Class 5,,0-68,4yo+,None,1m2f,10,2010,2200,Good To Firm,Turf,5151725,Pursuit Of Truth,77767,Billy Loughnane,37949,Kevin Philippart De Foy,4,,2,5,9-9,153,SP,,68,79,
893834,Winning Experience With Moulton Racing Handicap,104,Yarmouth,05/22/2025 14:55:00,Other,Class 5,,0-68,4yo+,None,1m2f,10,2010,2200,Good To Firm,Turf,4924654,Con Te Partiro,13699,Neil Callan,30665,Richard Spencer,4,tp,3,8,9-9,153,SP,,68,78,57
893834,Winning Experience With Moulton Racing Handicap,104,Yarmouth,05/22/2025 14:55:00,Other,Class 5,,0-68,4yo+,None,1m2f,10,2010,2200,Good To Firm,Turf,5048123,Blenheim Star,101525,Brandon Wilkie,17966,William Knight,4,,4,3,9-8,152,SP,,67,80,49
893834,Winning Experience With Moulton Racing Handicap,104,Yarmouth,05/22/2025 14:55:00,Other,Class 5,,0-68,4yo+,None,1m2f,10,2010,2200,Good To Firm,Turf,4990401,Aim For The Moon,95815,Darragh Keenan,14013,Michael Wigham,8,t,5,6,9-7,151,SP,,66,80,74
893834,Winning Experience With Moulton Racing Handicap,104,Yarmouth,05/22/2025 14:55:00,Other,Class 5,,0-68,4yo+,None,1m2f,10,2010,2200,Good To Firm,Turf,3643995,Queen's Company,92620,Dylan Hogan,42026,Julia & Shelley Birkett,6,,6,4,9-5,149,SP,,64,77,61
893834,Winning Experience With Moulton Racing Handicap,104,Yarmouth,05/22/2025 14:55:00,Other,Class 5,,0-68,4yo+,None,1m2f,10,2010,2200,Good To Firm,Turf,5903628,Mr Nugget,95388,David Egan,16143,David Simcock,4,,7,1,9-5,149,SP,,64,78,30
893834,Winning Experience With Moulton Racing Handicap,104,Yarmouth,05/22/2025 14:55:00,Other,Class 5,,0-68,4yo+,None,1m2f,10,2010,2200,Good To Firm,Turf,5737954,Prefer The Sister,100783,Jonny Peate,38707,Matt Crawley,5,,8,7,9-3,147,SP,,62,78,56
893833,British Stallion Studs EBF Fillies' Novice Stakes (GBB Race),104,Yarmouth,05/22/2025 15:25:00,Other,Class 4,,,2yo,Fillies,5f,5,1005,1100,Good To Firm,Turf,7431637,Acceptance,88785,George Downing,23926,Ed Walker,2,,1,6,9-2,146,SP,,,67,
893833,British Stallion Studs EBF Fillies' Novice Stakes (GBB Race),104,Yarmouth,05/22/2025 15:25:00,Other,Class 4,,,2yo,Fillies,5f,5,1005,1100,Good To Firm,Turf,7529940,Bosh Soldier,77767,Billy Loughnane,36211,George Boughey,2,,2,1,9-2,146,SP,,,,
893833,British Stallion Studs EBF Fillies' Novice Stakes (GBB Race),104,Yarmouth,05/22/2025 15:25:00,Other,Class 4,,,2yo,Fillies,5f,5,1005,1100,Good To Firm,Turf,7551820,Duskaura,92695,Hollie Doyle,32276,Archie Watson,2,,3,7,9-2,146,SP,,,,
893833,British Stallion Studs EBF Fillies' Novice Stakes (GBB Race),104,Yarmouth,05/22/2025 15:25:00,Other,Class 4,,,2yo,Fillies,5f,5,1005,1100,Good To Firm,Turf,7378600,Kuiama,98254,Rhys Clutterbuck,16406,Michael Attwater,2,p,4,4,9-2,146,SP,,,28,
893833,British Stallion Studs EBF Fillies' Novice Stakes (GBB Race),104,Yarmouth,05/22/2025 15:25:00,Other,Class 4,,,2yo,Fillies,5f,5,1005,1100,Good To Firm,Turf,7570745,Oliaku,93237,Kieran Shoemark,4113,Michael Bell,2,,5,2,9-2,146,SP,,,,
893833,British Stallion Studs EBF Fillies' Novice Stakes (GBB Race),104,Yarmouth,05/22/2025 15:25:00,Other,Class 4,,,2yo,Fillies,5f,5,1005,1100,Good To Firm,Turf,7570736,Staya,95815,Darragh Keenan,31461,George Scott,2,,6,5,9-2,146,SP,,,,
893833,British Stallion Studs EBF Fillies' Novice Stakes (GBB Race),104,Yarmouth,05/22/2025 15:25:00,Other,Class 4,,,2yo,Fillies,5f,5,1005,1100,Good To Firm,Turf,7551814,Yellow Diamonds,95388,David Egan,38825,Raphael E Freire,2,,7,3,9-2,146,SP,,,,
893832,British Stallion Studs EBF Novice Stakes (GBB Race),104,Yarmouth,05/22/2025 15:55:00,Other,Class 2,,,2yo,None,6f,6,1206,1320,Good To Firm,Turf,7570739,Amorim,77767,Billy Loughnane,36211,George Boughey,2,,1,8,9-7,151,SP,,,,
893832,British Stallion Studs EBF Novice Stakes (GBB Race),104,Yarmouth,05/22/2025 15:55:00,Other,Class 2,,,2yo,None,6f,6,1206,1320,Good To Firm,Turf,7204900,Front Line Fury,95815,Darragh Keenan,31461,George Scott,2,,2,9,9-7,151,SP,,,,
893832,British Stallion Studs EBF Novice Stakes (GBB Race),104,Yarmouth,05/22/2025 15:55:00,Other,Class 2,,,2yo,None,6f,6,1206,1320,Good To Firm,Turf,7570749,Guest House,78935,Tom Queally,9796,George Margarson,2,,3,2,9-7,151,SP,,,,
893832,British Stallion Studs EBF Novice Stakes (GBB Race),104,Yarmouth,05/22/2025 15:55:00,Other,Class 2,,,2yo,None,6f,6,1206,1320,Good To Firm,Turf,7566108,Kuu,92695,Hollie Doyle,32276,Archie Watson,2,,4,4,9-7,151,SP,,,,
893832,British Stallion Studs EBF Novice Stakes (GBB Race),104,Yarmouth,05/22/2025 15:55:00,Other,Class 2,,,2yo,None,6f,6,1206,1320,Good To Firm,Turf,7570740,Loblolly,95388,David Egan,7083,S Woods,2,,5,3,9-7,151,SP,,,,
893832,British Stallion Studs EBF Novice Stakes (GBB Race),104,Yarmouth,05/22/2025 15:55:00,Other,Class 2,,,2yo,None,6f,6,1206,1320,Good To Firm,Turf,7570742,Peel Park,79202,Ryan Moore,24890,Roger Varian,2,,6,5,9-7,151,SP,,,,
893832,British Stallion Studs EBF Novice Stakes (GBB Race),104,Yarmouth,05/22/2025 15:55:00,Other,Class 2,,,2yo,None,6f,6,1206,1320,Good To Firm,Turf,7551823,Postmodern,13689,Jamie Spencer,25988,Hamad Al Jehani,2,,7,7,9-7,151,SP,,,,
893832,British Stallion Studs EBF Novice Stakes (GBB Race),104,Yarmouth,05/22/2025 15:55:00,Other,Class 2,,,2yo,None,6f,6,1206,1320,Good To Firm,Turf,7488313,Silent Applause,78238,Dougie Costello,28338,Charlie Appleby,2,,8,6,9-7,151,SP,,,,
893832,British Stallion Studs EBF Novice Stakes (GBB Race),104,Yarmouth,05/22/2025 15:55:00,Other,Class 2,,,2yo,None,6f,6,1206,1320,Good To Firm,Turf,7020150,Wild Thoughts,13699,Neil Callan,30665,Richard Spencer,2,,9,1,9-7,151,SP,,,48,36
893835,Gold And Silver Exchange Handicap,104,Yarmouth,05/22/2025 16:25:00,Other,Class 5,,0-75,4yo+,None,7f,7,1407,1540,Good To Firm,Turf,4672831,Capital Guarantee,101189,Cian Horgan,22839,David O'Meara,5,,1,4,10-0,160,SP,,80,91,80
893835,Gold And Silver Exchange Handicap,104,Yarmouth,05/22/2025 16:25:00,Other,Class 5,,0-75,4yo+,None,7f,7,1407,1540,Good To Firm,Turf,5325178,Giorgio M,77767,Billy Loughnane,36211,George Boughey,4,tp,2,6,9-9,153,SP,,75,88,54
893835,Gold And Silver Exchange Handicap,104,Yarmouth,05/22/2025 16:25:00,Other,Class 5,,0-75,4yo+,None,7f,7,1407,1540,Good To Firm,Turf,4642875,Giant,13699,Neil Callan,30665,Richard Spencer,5,b,3,8,9-9,153,SP,,75,88,
893835,Gold And Silver Exchange Handicap,104,Yarmouth,05/22/2025 16:25:00,Other,Class 5,,0-75,4yo+,None,7f,7,1407,1540,Good To Firm,Turf,5151721,Lessay,100783,Jonny Peate,9036,Ed Dunlop,4,v,4,2,9-9,153,SP,,75,86,
893835,Gold And Silver Exchange Handicap,104,Yarmouth,05/22/2025 16:25:00,Other,Class 5,,0-75,4yo+,None,7f,7,1407,1540,Good To Firm,Turf,3861049,Chola Empire,13689,Jamie Spencer,16143,David Simcock,6,,5,5,9-9,153,SP,,75,88,
893835,Gold And Silver Exchange Handicap,104,Yarmouth,05/22/2025 16:25:00,Other,Class 5,,0-75,4yo+,None,7f,7,1407,1540,Good To Firm,Turf,4737872,Shaw Park,100868,Taryn Langley,26099,Scott Dixon,6,,6,3,9-7,151,SP,,73,84,77
893835,Gold And Silver Exchange Handicap,104,Yarmouth,05/22/2025 16:25:00,Other,Class 5,,0-75,4yo+,None,7f,7,1407,1540,Good To Firm,Turf,5036838,Mister Mojito,101525,Brandon Wilkie,37539,T J Kent,4,t,7,1,9-6,150,SP,,72,88,
893835,Gold And Silver Exchange Handicap,104,Yarmouth,05/22/2025 16:25:00,Other,Class 5,,0-75,4yo+,None,7f,7,1407,1540,Good To Firm,Turf,5172501,Jackson Street,98254,Rhys Clutterbuck,16406,Michael Attwater,4,p,8,7,8-13,141,SP,,65,86,75
893837,Holiday At Haven Seashore Handicap,104,Yarmouth,05/22/2025 17:00:00,Other,Class 6,,0-60,4yo+,None,1m,8,1608,1760,Good To Firm,Turf,2768799,Visibility,100868,Taryn Langley,26099,Scott Dixon,8,,1,1,9-9,153,SP,,60,73,59
893837,Holiday At Haven Seashore Handicap,104,Yarmouth,05/22/2025 17:00:00,Other,Class 6,,0-60,4yo+,None,1m,8,1608,1760,Good To Firm,Turf,5806752,Artificer,102899,Fred Daly,38707,Matt Crawley,4,ht,2,4,9-6,150,SP,,57,72,49
893837,Holiday At Haven Seashore Handicap,104,Yarmouth,05/22/2025 17:00:00,Other,Class 6,,0-60,4yo+,None,1m,8,1608,1760,Good To Firm,Turf,2645429,Anglo Saxson,93237,Kieran Shoemark,25124,Patrick Owens,8,,3,7,9-6,150,SP,,57,76,63
893837,Holiday At Haven Seashore Handicap,104,Yarmouth,05/22/2025 17:00:00,Other,Class 6,,0-60,4yo+,None,1m,8,1608,1760,Good To Firm,Turf,6006027,Spring Festival,95815,Darragh Keenan,22839,David O'Meara,4,,4,6,9-2,146,SP,,53,71,56
893837,Holiday At Haven Seashore Handicap,104,Yarmouth,05/22/2025 17:00:00,Other,Class 6,,0-60,4yo+,None,1m,8,1608,1760,Good To Firm,Turf,4307328,Mickey Mongoose,77767,Billy Loughnane,31105,Olly Williams,5,,5,2,8-13,141,SP,,50,73,51
893837,Holiday At Haven Seashore Handicap,104,Yarmouth,05/22/2025 17:00:00,Other,Class 6,,0-60,4yo+,None,1m,8,1608,1760,Good To Firm,Turf,4467762,No News,92565,Rowan Scott,35,J R Jenkins,5,,6,5,8-9,137,SP,,46,66,50
893837,Holiday At Haven Seashore Handicap,104,Yarmouth,05/22/2025 17:00:00,Other,Class 6,,0-60,4yo+,None,1m,8,1608,1760,Good To Firm,Turf,5099947,Hinitsa Bay,83746,Silvestre De Sousa,12465,Ian Williams,4,,7,8,8-9,137,SP,,46,63,
893837,Holiday At Haven Seashore Handicap,104,Yarmouth,05/22/2025 17:00:00,Other,Class 6,,0-60,4yo+,None,1m,8,1608,1760,Good To Firm,Turf,6175462,Boleyn Forever,101189,Cian Horgan,35,J R Jenkins,4,,8,3,8-9,137,SP,,46,,
893843,"Betfred ""The Classic Bookmaker"" Handicap",23,Haydock,05/22/2025 14:17:00,Other,Class 5,,0-72,4yo+,None,2m,16,3217,3520,Good To Firm,Turf,4648366,Fleur De Mer,14332,David Nolan,9693,Martin Todhunter,5,,1,3,9-9,153,SP,,72,85,61
893843,"Betfred ""The Classic Bookmaker"" Handicap",23,Haydock,05/22/2025 14:17:00,Other,Class 5,,0-72,4yo+,None,2m,16,3217,3520,Good To Firm,Turf,3217659,Lunar Power,101500,Charlie Maggs,15674,Donald McCain,7,p,2,2,9-9,153,SP,,72,85,35
893843,"Betfred ""The Classic Bookmaker"" Handicap",23,Haydock,05/22/2025 14:17:00,Other,Class 5,,0-72,4yo+,None,2m,16,3217,3520,Good To Firm,Turf,5270621,The Crafty Mole,82231,Daniel Tudhope,22839,David O'Meara,4,v,3,6,9-8,152,SP,,72,85,72
893843,"Betfred ""The Classic Bookmaker"" Handicap",23,Haydock,05/22/2025 14:17:00,Other,Class 5,,0-72,4yo+,None,2m,16,3217,3520,Good To Firm,Turf,4522950,Diamand De Vindecy,90243,Jason Hart,35628,Robert Bevis,6,p,4,1,9-8,152,SP,,71,84,67
893843,"Betfred ""The Classic Bookmaker"" Handicap",23,Haydock,05/22/2025 14:17:00,Other,Class 5,,0-72,4yo+,None,2m,16,3217,3520,Good To Firm,Turf,5025149,Simiyann,86013,David Probert,12465,Ian Williams,5,p,5,4,9-6,150,SP,,69,83,53
893843,"Betfred ""The Classic Bookmaker"" Handicap",23,Haydock,05/22/2025 14:17:00,Other,Class 5,,0-72,4yo+,None,2m,16,3217,3520,Good To Firm,Turf,5034739,The Craftymaster,84882,William Carson,9714,Tony Carroll,5,,7,7,9-5,149,SP,,68,80,61
893843,"Betfred ""The Classic Bookmaker"" Handicap",23,Haydock,05/22/2025 14:17:00,Other,Class 5,,0-72,4yo+,None,2m,16,3217,3520,Good To Firm,Turf,4127379,Razzo Italiano,101300,Sean D Bowen,6109,Gary Hanmer,8,p,8,8,8-4,132,SP,,53,78,
893840,"Betfred ""Follow Us On X"" EBF Novice Stakes (GBB Race)",23,Haydock,05/22/2025 14:47:00,Other,Class 3,,,2yo,None,6f,6,1206,1320,Good To Firm,Turf,7436339,Boiling Over,86349,Shane Foley,5019,K R Burke,2,,1,5,9-7,151,SP,,,,
893840,"Betfred ""Follow Us On X"" EBF Novice Stakes (GBB Race)",23,Haydock,05/22/2025 14:47:00,Other,Class 3,,,2yo,None,6f,6,1206,1320,Good To Firm,Turf,7570741,First Time,86570,Trevor Whelan,41024,Harry Charlton,2,,2,6,9-7,151,SP,,,,
893840,"Betfred ""Follow Us On X"" EBF Novice Stakes (GBB Race)",23,Haydock,05/22/2025 14:47:00,Other,Class 3,,,2yo,None,6f,6,1206,1320,Good To Firm,Turf,7436446,Golden Brown,93947,Tom Marquand,23926,Ed Walker,2,,3,4,9-7,151,SP,,,,
893840,"Betfred ""Follow Us On X"" EBF Novice Stakes (GBB Race)",23,Haydock,05/22/2025 14:47:00,Other,Class 3,,,2yo,None,6f,6,1206,1320,Good To Firm,Turf,7570737,Maximized,86013,David Probert,28338,Charlie Appleby,2,,4,3,9-7,151,SP,,,,
893840,"Betfred ""Follow Us On X"" EBF Novice Stakes (GBB Race)",23,Haydock,05/22/2025 14:47:00,Other,Class 3,,,2yo,None,6f,6,1206,1320,Good To Firm,Turf,7020285,Moscow Power,93211,Alistair Rawlinson,10363,Michael Appleby,2,,5,2,9-7,151,SP,,,,
893840,"Betfred ""Follow Us On X"" EBF Novice Stakes (GBB Race)",23,Haydock,05/22/2025 14:47:00,Other,Class 3,,,2yo,None,6f,6,1206,1320,Good To Firm,Turf,7413946,This Guy,92806,Hector Crouch,5863,Clive Cox,2,,6,1,9-7,151,SP,,,35,22
893840,"Betfred ""Follow Us On X"" EBF Novice Stakes (GBB Race)",23,Haydock,05/22/2025 14:47:00,Other,Class 3,,,2yo,None,6f,6,1206,1320,Good To Firm,Turf,7547279,Time To Turn,85793,William Buick,28338,Charlie Appleby,2,,7,8,9-7,151,SP,,,,
893840,"Betfred ""Follow Us On X"" EBF Novice Stakes (GBB Race)",23,Haydock,05/22/2025 14:47:00,Other,Class 3,,,2yo,None,6f,6,1206,1320,Good To Firm,Turf,7020512,Tuwajeri,79244,Sam Hitchcott,28787,Richard Hannon,2,,8,7,9-7,151,SP,,,,
893844,"Betfred ""Nifty 50"" Handicap (A Jockey Club Grassroots Sprint Series Qualifier)",23,Haydock,05/22/2025 15:17:00,Other,Class 5,,0-68,3yo,None,6f,6,1206,1320,Good To Firm,Turf,6754614,March To The Band,79371,Paul Mulrennan,32276,Archie Watson,3,p,1,8,9-9,153,SP,,68,59,
893844,"Betfred ""Nifty 50"" Handicap (A Jockey Club Grassroots Sprint Series Qualifier)",23,Haydock,05/22/2025 15:17:00,Other,Class 5,,0-68,3yo,None,6f,6,1206,1320,Good To Firm,Turf,7191404,Captain Parma,92806,Hector Crouch,40072,James Owen,3,,2,12,9-9,153,SP,,68,68,
893844,"Betfred ""Nifty 50"" Handicap (A Jockey Club Grassroots Sprint Series Qualifier)",23,Haydock,05/22/2025 15:17:00,Other,Class 5,,0-68,3yo,None,6f,6,1206,1320,Good To Firm,Turf,5982390,Coeur Jaune,82231,Daniel Tudhope,22839,David O'Meara,3,,3,7,9-8,152,SP,,67,72,65
893844,"Betfred ""Nifty 50"" Handicap (A Jockey Club Grassroots Sprint Series Qualifier)",23,Haydock,05/22/2025 15:17:00,Other,Class 5,,0-68,3yo,None,6f,6,1206,1320,Good To Firm,Turf,5870115,Monomyth,93947,Tom Marquand,40346,Ollie Sangster,3,p,4,2,9-6,150,SP,,65,80,66
893844,"Betfred ""Nifty 50"" Handicap (A Jockey Club Grassroots Sprint Series Qualifier)",23,Haydock,05/22/2025 15:17:00,Other,Class 5,,0-68,3yo,None,6f,6,1206,1320,Good To Firm,Turf,6419940,City Of Strangers,76831,Tom Eaves,30867,Ivan Furtado,3,,5,11,9-6,150,SP,,65,79,69
893844,"Betfred ""Nifty 50"" Handicap (A Jockey Club Grassroots Sprint Series Qualifier)",23,Haydock,05/22/2025 15:17:00,Other,Class 5,,0-68,3yo,None,6f,6,1206,1320,Good To Firm,Turf,6701904,Sundiata Keita,78398,Barry McHugh,8010,Richard Fahey,3,,6,9,9-5,149,SP,,64,74,15
893844,"Betfred ""Nifty 50"" Handicap (A Jockey Club Grassroots Sprint Series Qualifier)",23,Haydock,05/22/2025 15:17:00,Other,Class 5,,0-68,3yo,None,6f,6,1206,1320,Good To Firm,Turf,6728418,Thurso,95785,Finley Marsh,31188,Richard Hughes,3,p,7,6,9-5,149,SP,,64,79,45
893844,"Betfred ""Nifty 50"" Handicap (A Jockey Club Grassroots Sprint Series Qualifier)",23,Haydock,05/22/2025 15:17:00,Other,Class 5,,0-68,3yo,None,6f,6,1206,1320,Good To Firm,Turf,6820602,Volendam,100379,Ryan Sexton,12225,Julie Camacho,3,h,8,4,9-4,148,SP,,63,75,
893844,"Betfred ""Nifty 50"" Handicap (A Jockey Club Grassroots Sprint Series Qualifier)",23,Haydock,05/22/2025 15:17:00,Other,Class 5,,0-68,3yo,None,6f,6,1206,1320,Good To Firm,Turf,6202584,Kisskodi,101188,Kaiya Fraser,38304,Harry Eustace,3,,9,3,9-2,146,SP,,61,73,48
893844,"Betfred ""Nifty 50"" Handicap (A Jockey Club Grassroots Sprint Series Qualifier)",23,Haydock,05/22/2025 15:17:00,Other,Class 5,,0-68,3yo,None,6f,6,1206,1320,Good To Firm,Turf,6345378,What What What,102777,Lewis Chalkley,38543,Michael & David Easterby,3,v,10,5,9-2,146,SP,,61,73,37
893844,"Betfred ""Nifty 50"" Handicap (A Jockey Club Grassroots Sprint Series Qualifier)",23,Haydock,05/22/2025 15:17:00,Other,Class 5,,0-68,3yo,None,6f,6,1206,1320,Good To Firm,Turf,6692973,Trust Sergei,101300,Sean D Bowen,6109,Gary Hanmer,3,,11,10,9-1,145,SP,,60,78,54
893844,"Betfred ""Nifty 50"" Handicap (A Jockey Club Grassroots Sprint Series Qualifier)",23,Haydock,05/22/2025 15:17:00,Other,Class 5,,0-68,3yo,None,6f,6,1206,1320,Good To Firm,Turf,6193160,Bern Rossetti,78223,David Allan,10152,Tim Easterby,3,,12,1,9-0,144,SP,,59,76,65
893838,Betfred Supports Jack Berry House Handicap,23,Haydock,05/22/2025 15:47:00,Other,Class 3,,0-95,4yo+,None,5f,5,1005,1100,Good To Firm,Turf,5193469,Blue Day,92806,Hector Crouch,41024,Harry Charlton,4,,1,1,9-9,153,SP,,87,102,78
893838,Betfred Supports Jack Berry House Handicap,23,Haydock,05/22/2025 15:47:00,Other,Class 3,,0-95,4yo+,None,5f,5,1005,1100,Good To Firm,Turf,5047949,Harvanna,93947,Tom Marquand,10363,Michael Appleby,4,,2,4,9-8,152,SP,,86,97,79
893838,Betfred Supports Jack Berry House Handicap,23,Haydock,05/22/2025 15:47:00,Other,Class 3,,0-95,4yo+,None,5f,5,1005,1100,Good To Firm,Turf,3862862,Archduke Ferdinand,81371,Dale Swift,34145,Seb Spencer,6,p,3,5,9-7,151,SP,,85,101,78
893838,Betfred Supports Jack Berry House Handicap,23,Haydock,05/22/2025 15:47:00,Other,Class 3,,0-95,4yo+,None,5f,5,1005,1100,Good To Firm,Turf,5756247,Grandlad,96974,Adam Farragher,39326,James Horton,4,t,4,6,9-7,151,SP,,85,99,87
893838,Betfred Supports Jack Berry House Handicap,23,Haydock,05/22/2025 15:47:00,Other,Class 3,,0-95,4yo+,None,5f,5,1005,1100,Good To Firm,Turf,5089270,Duran,96409,Faye McManoman,865,Nigel Tinkler,4,,5,3,9-5,149,SP,,83,103,79
893838,Betfred Supports Jack Berry House Handicap,23,Haydock,05/22/2025 15:47:00,Other,Class 3,,0-95,4yo+,None,5f,5,1005,1100,Good To Firm,Turf,5222216,Curious Rover,90243,Jason Hart,19056,Katie Scott,4,,6,2,9-3,147,SP,,81,100,84
893838,Betfred Supports Jack Berry House Handicap,23,Haydock,05/22/2025 15:47:00,Other,Class 3,,0-95,4yo+,None,5f,5,1005,1100,Good To Firm,Turf,4582292,Brooklyn Nine Nine,93884,Oisin Orr,8010,Richard Fahey,5,b,7,7,9-2,146,SP,,80,96,95
893841,Betfred Double Delight Maiden Fillies' Stakes (GBB/GBBPlus Race),23,Haydock,05/22/2025 16:17:00,Other,Class 4,,,3yo+,Fillies,1m2f,10,2010,2200,Good To Firm,Turf,7457894,Duchess Tattoo,90762,Jordan Nason,30867,Ivan Furtado,4,,1,4,10-2,162,SP,,,9,
893841,Betfred Double Delight Maiden Fillies' Stakes (GBB/GBBPlus Race),23,Haydock,05/22/2025 16:17:00,Other,Class 4,,,3yo+,Fillies,1m2f,10,2010,2200,Good To Firm,Turf,7570731,Cheshire Belle,90243,Jason Hart,25009,Hugo Palmer,3,,2,1,9-2,146,SP,,,,
893841,Betfred Double Delight Maiden Fillies' Stakes (GBB/GBBPlus Race),23,Haydock,05/22/2025 16:17:00,Other,Class 4,,,3yo+,Fillies,1m2f,10,2010,2200,Good To Firm,Turf,7390858,Lady Randolph,92806,Hector Crouch,28913,Charlie Fellowes,3,v,3,2,9-2,146,SP,,,10,
893841,Betfred Double Delight Maiden Fillies' Stakes (GBB/GBBPlus Race),23,Haydock,05/22/2025 16:17:00,Other,Class 4,,,3yo+,Fillies,1m2f,10,2010,2200,Good To Firm,Turf,6710739,Pearla,93947,Tom Marquand,3415,William Haggas,3,,4,6,9-2,146,SP,,,87,60
893841,Betfred Double Delight Maiden Fillies' Stakes (GBB/GBBPlus Race),23,Haydock,05/22/2025 16:17:00,Other,Class 4,,,3yo+,Fillies,1m2f,10,2010,2200,Good To Firm,Turf,7404612,Silent Love,86013,David Probert,28338,Charlie Appleby,3,,5,5,9-2,146,SP,,,85,58
893841,Betfred Double Delight Maiden Fillies' Stakes (GBB/GBBPlus Race),23,Haydock,05/22/2025 16:17:00,Other,Class 4,,,3yo+,Fillies,1m2f,10,2010,2200,Good To Firm,Turf,7516451,Spirited Style,85793,William Buick,28338,Charlie Appleby,3,,6,3,9-2,146,SP,,,77,
893842,"Betfred ""Play Fred's £5 Million'' Fillies' Novice Stakes (GBB Race)",23,Haydock,05/22/2025 16:52:00,Other,Class 4,,,3yo+,Fillies,7f,7,1407,1540,Good To Firm,Turf,7390851,Woroodd,79371,Paul Mulrennan,23926,Ed Walker,3,,1,5,9-9,153,SP,,,91,66
893842,"Betfred ""Play Fred's £5 Million'' Fillies' Novice Stakes (GBB Race)",23,Haydock,05/22/2025 16:52:00,Other,Class 4,,,3yo+,Fillies,7f,7,1407,1540,Good To Firm,Turf,5806669,Cradle Of Love,82231,Daniel Tudhope,40346,Ollie Sangster,3,p,2,1,9-2,146,SP,,77,89,79
893842,"Betfred ""Play Fred's £5 Million'' Fillies' Novice Stakes (GBB Race)",23,Haydock,05/22/2025 16:52:00,Other,Class 4,,,3yo+,Fillies,7f,7,1407,1540,Good To Firm,Turf,5708673,Dream Angel,93884,Oisin Orr,8010,Richard Fahey,3,,3,3,9-2,146,SP,,,41,
893842,"Betfred ""Play Fred's £5 Million'' Fillies' Novice Stakes (GBB Race)",23,Haydock,05/22/2025 16:52:00,Other,Class 4,,,3yo+,Fillies,7f,7,1407,1540,Good To Firm,Turf,6238180,Goldie Trickett,93947,Tom Marquand,3415,William Haggas,3,,4,4,9-2,146,SP,,,68,13
893842,"Betfred ""Play Fred's £5 Million'' Fillies' Novice Stakes (GBB Race)",23,Haydock,05/22/2025 16:52:00,Other,Class 4,,,3yo+,Fillies,7f,7,1407,1540,Good To Firm,Turf,6215478,Havana Halo,2456,J F Egan,8683,Dominic Ffrench Davis,3,,5,6,9-2,146,SP,,,84,60
893842,"Betfred ""Play Fred's £5 Million'' Fillies' Novice Stakes (GBB Race)",23,Haydock,05/22/2025 16:52:00,Other,Class 4,,,3yo+,Fillies,7f,7,1407,1540,Good To Firm,Turf,6671111,Thaisa,86013,David Probert,15605,Andrew Balding,3,h,6,2,9-2,146,SP,,,82,
893839,"Betfred ""Bet Builder"" Handicap",23,Haydock,05/22/2025 17:22:00,Other,Class 4,,0-78,3yo,None,7f,7,1407,1540,Good To Firm,Turf,5598643,High On Hope,94631,Pierre-Louis Jamin,17934,Tom Dascombe,3,p,1,6,9-9,153,SP,,77,84,61
893839,"Betfred ""Bet Builder"" Handicap",23,Haydock,05/22/2025 17:22:00,Other,Class 4,,0-78,3yo,None,7f,7,1407,1540,Good To Firm,Turf,5708886,Miss Collada,79244,Sam Hitchcott,28787,Richard Hannon,3,,2,3,9-9,153,SP,,77,83,44
893839,"Betfred ""Bet Builder"" Handicap",23,Haydock,05/22/2025 17:22:00,Other,Class 4,,0-78,3yo,None,7f,7,1407,1540,Good To Firm,Turf,6402354,Mystical Storm,100379,Ryan Sexton,12225,Julie Camacho,3,,3,12,9-8,152,SP,,76,85,77
893839,"Betfred ""Bet Builder"" Handicap",23,Haydock,05/22/2025 17:22:00,Other,Class 4,,0-78,3yo,None,7f,7,1407,1540,Good To Firm,Turf,6134854,Soldiers Star,90243,Jason Hart,25009,Hugo Palmer,3,,4,11,9-8,152,SP,,76,83,61
893839,"Betfred ""Bet Builder"" Handicap",23,Haydock,05/22/2025 17:22:00,Other,Class 4,,0-78,3yo,None,7f,7,1407,1540,Good To Firm,Turf,6265747,Suhub,93947,Tom Marquand,3415,William Haggas,3,,5,7,9-8,152,SP,,76,84,49
893839,"Betfred ""Bet Builder"" Handicap",23,Haydock,05/22/2025 17:22:00,Other,Class 4,,0-78,3yo,None,7f,7,1407,1540,Good To Firm,Turf,5900724,Organ,86013,David Probert,4528,Martyn Meade,3,,6,4,9-8,152,SP,,76,81,70
893839,"Betfred ""Bet Builder"" Handicap",23,Haydock,05/22/2025 17:22:00,Other,Class 4,,0-78,3yo,None,7f,7,1407,1540,Good To Firm,Turf,6130348,Bear Kode,99547,Oisin McSweeney,29513,Adrian Paul Keatley,3,p,7,8,9-8,152,SP,,76,82,46
893839,"Betfred ""Bet Builder"" Handicap",23,Haydock,05/22/2025 17:22:00,Other,Class 4,,0-78,3yo,None,7f,7,1407,1540,Good To Firm,Turf,5889014,Ran Amok,83554,Richard Kingscote,25009,Hugo Palmer,3,t,8,10,9-6,150,SP,,74,83,51
893839,"Betfred ""Bet Builder"" Handicap",23,Haydock,05/22/2025 17:22:00,Other,Class 4,,0-78,3yo,None,7f,7,1407,1540,Good To Firm,Turf,6807907,Kamekist,89627,Charles Bishop,18920,Eve Johnson Houghton,3,,9,2,9-6,150,SP,,74,82,50
893839,"Betfred ""Bet Builder"" Handicap",23,Haydock,05/22/2025 17:22:00,Other,Class 4,,0-78,3yo,None,7f,7,1407,1540,Good To Firm,Turf,6134864,Invitorio,93480,Clifford Lee,5019,K R Burke,3,,10,1,9-6,150,SP,,74,84,59
893839,"Betfred ""Bet Builder"" Handicap",23,Haydock,05/22/2025 17:22:00,Other,Class 4,,0-78,3yo,None,7f,7,1407,1540,Good To Firm,Turf,5845537,Titian Blue,93211,Alistair Rawlinson,10363,Michael Appleby,3,,12,9,9-4,148,SP,,72,83,74
894091,Francky Du Berlais Novices' Handicap Chase (GBB Race),1212,Ffos Las,05/22/2025 14:05:00,SteepleChase,Class 4,,0-120,5yo+,None,2m3½f,19.5,3921,4290,Good,Turf,4879045,Bond Broker,94230,Harry Cobden,5767,Paul Nicholls,6,h,1,,11-9,185,SP,,120,,
894091,Francky Du Berlais Novices' Handicap Chase (GBB Race),1212,Ffos Las,05/22/2025 14:05:00,SteepleChase,Class 4,,0-120,5yo+,None,2m3½f,19.5,3921,4290,Good,Turf,5592590,Handlethekettle,88907,Gavin Sheehan,20814,Jamie Snowden,6,,2,,11-6,182,SP,,117,,
894091,Francky Du Berlais Novices' Handicap Chase (GBB Race),1212,Ffos Las,05/22/2025 14:05:00,SteepleChase,Class 4,,0-120,5yo+,None,2m3½f,19.5,3921,4290,Good,Turf,5408667,King Roly,96830,James Bowen,28905,Mickey Bowen,6,t,3,,11-2,178,SP,,113,,
894096,Adept GRP Cabinets Conditional Jockeys' Handicap Hurdle,1212,Ffos Las,05/22/2025 14:35:00,Hurdle,Class 5,,0-105,4yo+,None,2m4f,20,4021,4400,Good,Turf,4173233,Doc McCoy,101293,Isabelle Ryder,20814,Jamie Snowden,7,p,1,,12-0,192,SP,,105,112,77
894096,Adept GRP Cabinets Conditional Jockeys' Handicap Hurdle,1212,Ffos Las,05/22/2025 14:35:00,Hurdle,Class 5,,0-105,4yo+,None,2m4f,20,4021,4400,Good,Turf,2496397,Kepagge,99646,Ben Bromley,10157,David Pipe,11,tv,2,,11-12,188,SP,,103,111,96
894096,Adept GRP Cabinets Conditional Jockeys' Handicap Hurdle,1212,Ffos Las,05/22/2025 14:35:00,Hurdle,Class 5,,0-105,4yo+,None,2m4f,20,4021,4400,Good,Turf,5851318,The Flying Poet,100870,Beau Morgan,33553,Olly Murphy,6,h,3,,11-6,182,SP,,97,104,69
894096,Adept GRP Cabinets Conditional Jockeys' Handicap Hurdle,1212,Ffos Las,05/22/2025 14:35:00,Hurdle,Class 5,,0-105,4yo+,None,2m4f,20,4021,4400,Good,Turf,3102095,Sassified,102437,Callum Pritchard,40315,Philip Hobbs & Johnson White,7,b,4,,10-8,168,SP,,85,109,99
894096,Adept GRP Cabinets Conditional Jockeys' Handicap Hurdle,1212,Ffos Las,05/22/2025 14:35:00,Hurdle,Class 5,,0-105,4yo+,None,2m4f,20,4021,4400,Good,Turf,1266780,The Wire Flyer,101727,Elizabeth Gale,14036,Alison Thorpe,10,tb,5,,10-4,164,SP,,81,104,57
894096,Adept GRP Cabinets Conditional Jockeys' Handicap Hurdle,1212,Ffos Las,05/22/2025 14:35:00,Hurdle,Class 5,,0-105,4yo+,None,2m4f,20,4021,4400,Good,Turf,4566608,Bluebella,102914,Benjamin Macey,32733,Samuel Drinkwater,7,,6,,10-2,162,SP,,79,108,92
894094,Merched Y Mor Mares' Handicap Chase,1212,Ffos Las,05/22/2025 15:05:00,SteepleChase,Class 5,,0-100,5yo+,None,2m,16,3217,3520,Good,Turf,4657059,Obsessedwithyou,88907,Gavin Sheehan,20814,Jamie Snowden,6,,1,,12-0,192,SP,,96,88,74
894094,Merched Y Mor Mares' Handicap Chase,1212,Ffos Las,05/22/2025 15:05:00,SteepleChase,Class 5,,0-100,5yo+,None,2m,16,3217,3520,Good,Turf,4350652,Calli Black,79663,James Davies,29232,David Weston,7,,2,,11-10,186,SP,,92,,
894094,Merched Y Mor Mares' Handicap Chase,1212,Ffos Las,05/22/2025 15:05:00,SteepleChase,Class 5,,0-100,5yo+,None,2m,16,3217,3520,Good,Turf,4954016,Lady Pretender,92270,Charlie Deutsch,9746,Venetia Williams,6,t,3,,11-10,186,SP,,92,105,95
894094,Merched Y Mor Mares' Handicap Chase,1212,Ffos Las,05/22/2025 15:05:00,SteepleChase,Class 5,,0-100,5yo+,None,2m,16,3217,3520,Good,Turf,4965715,Culligran,88884,Kielan Woods,4128,John O'Shea,6,,4,,11-3,179,SP,,85,,
894094,Merched Y Mor Mares' Handicap Chase,1212,Ffos Las,05/22/2025 15:05:00,SteepleChase,Class 5,,0-100,5yo+,None,2m,16,3217,3520,Good,Turf,3265345,Miss Marette,91533,David Noonan,2646,Chris Down,9,p,5,,10-2,162,SP,,70,97,76
894093,Welcome To The World Idris Phillips Novices' Hurdle (GBB Race),1212,Ffos Las,05/22/2025 15:35:00,Hurdle,Class 4,,,4yo+,None,2m,16,3217,3520,Good,Turf,5315425,Sir Galahad,93186,Sean Bowen,33553,Olly Murphy,4,,1,,11-8,184,SP,,117,121,74
894093,Welcome To The World Idris Phillips Novices' Hurdle (GBB Race),1212,Ffos Las,05/22/2025 15:35:00,Hurdle,Class 4,,,4yo+,None,2m,16,3217,3520,Good,Turf,5803611,Roxanne,102173,Miss Heidi Palin,16270,Dan Skelton,5,,2,,11-7,183,SP,,113,124,58
894093,Welcome To The World Idris Phillips Novices' Hurdle (GBB Race),1212,Ffos Las,05/22/2025 15:35:00,Hurdle,Class 4,,,4yo+,None,2m,16,3217,3520,Good,Turf,5884332,Ifan Full Pelt,88090,Ben Poste,158,Nikki Evans,5,,3,,11-2,178,SP,,,72,
894093,Welcome To The World Idris Phillips Novices' Hurdle (GBB Race),1212,Ffos Las,05/22/2025 15:35:00,Hurdle,Class 4,,,4yo+,None,2m,16,3217,3520,Good,Turf,5848875,Millsbridge,92564,Ciaran Gethings,6845,Adrian Wintle,7,,4,,11-2,178,SP,,,70,47
894093,Welcome To The World Idris Phillips Novices' Hurdle (GBB Race),1212,Ffos Las,05/22/2025 15:35:00,Hurdle,Class 4,,,4yo+,None,2m,16,3217,3520,Good,Turf,6859994,Chanelle Noir,96449,Ben Jones,6563,Ben Clarke,5,,5,,10-9,169,SP,,,96,52
894093,Welcome To The World Idris Phillips Novices' Hurdle (GBB Race),1212,Ffos Las,05/22/2025 15:35:00,Hurdle,Class 4,,,4yo+,None,2m,16,3217,3520,Good,Turf,6807924,Sure To Please,86912,Adam Wedge,13451,Evan Williams,5,,6,,10-9,169,SP,,,78,
894092,Mickey Bowen Racing Handicap Hurdle,1212,Ffos Las,05/22/2025 16:05:00,Hurdle,Class 4,,0-120,4yo+,None,3m,24,4825,5280,Good,Turf,4965733,Ri Na Cuirte,96449,Ben Jones,6563,Ben Clarke,7,p,1,,11-4,180,SP,,104,114,110
894092,Mickey Bowen Racing Handicap Hurdle,1212,Ffos Las,05/22/2025 16:05:00,Hurdle,Class 4,,0-120,4yo+,None,3m,24,4825,5280,Good,Turf,5021272,D'Jo Dela Barriere,100558,Ellis Collier,13451,Evan Williams,6,,2,,11-4,180,SP,,104,120,103
894092,Mickey Bowen Racing Handicap Hurdle,1212,Ffos Las,05/22/2025 16:05:00,Hurdle,Class 4,,0-120,4yo+,None,3m,24,4825,5280,Good,Turf,4622318,Karavomylos,93186,Sean Bowen,28905,Mickey Bowen,6,p,3,,11-3,179,SP,,103,111,
894092,Mickey Bowen Racing Handicap Hurdle,1212,Ffos Las,05/22/2025 16:05:00,Hurdle,Class 4,,0-120,4yo+,None,3m,24,4825,5280,Good,Turf,5431078,Northern Symphonie,88023,Sam Twiston-Davies,25857,Keiran Burke,5,,4,,11-2,178,SP,,102,111,84
894095,Adept GRP Cabinets Novices' Limited Handicap Hurdle,1212,Ffos Las,05/22/2025 16:40:00,Hurdle,Class 5,,0-95,4yo+,None,3m,24,4825,5280,Good,Turf,4737888,Blue In The West,102437,Callum Pritchard,29426,Ben Lund,8,,1,,11-12,188,SP,,94,96,71
894095,Adept GRP Cabinets Novices' Limited Handicap Hurdle,1212,Ffos Las,05/22/2025 16:40:00,Hurdle,Class 5,,0-95,4yo+,None,3m,24,4825,5280,Good,Turf,4047451,Lucky Bounce,90406,Brendan Powell,26798,Ryan Potter,8,,2,,11-0,176,SP,,82,,
894095,Adept GRP Cabinets Novices' Limited Handicap Hurdle,1212,Ffos Las,05/22/2025 16:40:00,Hurdle,Class 5,,0-95,4yo+,None,3m,24,4825,5280,Good,Turf,5592572,Little Miller,88884,Kielan Woods,35958,D J Jeffreys,6,,3,,10-9,169,SP,,77,90,46
894095,Adept GRP Cabinets Novices' Limited Handicap Hurdle,1212,Ffos Las,05/22/2025 16:40:00,Hurdle,Class 5,,0-95,4yo+,None,3m,24,4825,5280,Good,Turf,5455548,Miss Popalong,91915,Micheal Nolan,40315,Philip Hobbs & Johnson White,6,h,4,,10-9,169,SP,,77,98,71
894095,Adept GRP Cabinets Novices' Limited Handicap Hurdle,1212,Ffos Las,05/22/2025 16:40:00,Hurdle,Class 5,,0-95,4yo+,None,3m,24,4825,5280,Good,Turf,5023494,Blackacre,95107,Isabel Williams,13451,Evan Williams,6,p,5,,10-7,167,SP,,75,96,89
894095,Adept GRP Cabinets Novices' Limited Handicap Hurdle,1212,Ffos Las,05/22/2025 16:40:00,Hurdle,Class 5,,0-95,4yo+,None,3m,24,4825,5280,Good,Turf,3384386,Harvie Wallbanger,93186,Sean Bowen,4128,John O'Shea,9,p,6,,10-6,166,SP,,74,93,77
894095,Adept GRP Cabinets Novices' Limited Handicap Hurdle,1212,Ffos Las,05/22/2025 16:40:00,Hurdle,Class 5,,0-95,4yo+,None,3m,24,4825,5280,Good,Turf,4922434,Junior Des Mottes,97461,Connor Brace,10630,David Brace,6,p,7,,10-5,165,SP,,73,76,39
895838,MC Roofing And Guttering Handicap Chase,188,Limerick,05/22/2025 17:05:00,SteepleChase,,,0-100,5yo+,None,2m2f,18,3619,3960,Good To Firm,Turf,4922430,Aleish Lass,101818,Mr L Burke-Ott,16817,Michael Winters,6,,1,,11-13,189,SP,,98,102,27
895838,MC Roofing And Guttering Handicap Chase,188,Limerick,05/22/2025 17:05:00,SteepleChase,,,0-100,5yo+,None,2m2f,18,3619,3960,Good To Firm,Turf,4031501,Miners Bridge,82680,Phillip Enright,22421,S Curling,8,,2,,11-10,186,SP,,95,107,16
895838,MC Roofing And Guttering Handicap Chase,188,Limerick,05/22/2025 17:05:00,SteepleChase,,,0-100,5yo+,None,2m2f,18,3619,3960,Good To Firm,Turf,6265744,Midnight Eagle,99208,Cian Cullinan,15084,Aengus King,5,,3,,11-9,185,SP,,94,,
895838,MC Roofing And Guttering Handicap Chase,188,Limerick,05/22/2025 17:05:00,SteepleChase,,,0-100,5yo+,None,2m2f,18,3619,3960,Good To Firm,Turf,4275951,Get It Right,98518,Sean O'Keeffe,9657,Sean Aherne,7,p,4,,11-8,184,SP,,93,96,90
895838,MC Roofing And Guttering Handicap Chase,188,Limerick,05/22/2025 17:05:00,SteepleChase,,,0-100,5yo+,None,2m2f,18,3619,3960,Good To Firm,Turf,4440459,Smallcraftwarning,101060,Daniel King,8256,John Patrick Ryan,8,t,5,,11-7,183,SP,,92,95,90
895838,MC Roofing And Guttering Handicap Chase,188,Limerick,05/22/2025 17:05:00,SteepleChase,,,0-100,5yo+,None,2m2f,18,3619,3960,Good To Firm,Turf,3937989,Crowsatedappletart,96391,Darragh O'Keeffe,16817,Michael Winters,8,,6,,11-4,180,SP,,89,101,92
895838,MC Roofing And Guttering Handicap Chase,188,Limerick,05/22/2025 17:05:00,SteepleChase,,,0-100,5yo+,None,2m2f,18,3619,3960,Good To Firm,Turf,3146572,Baltinglass Hill,91978,Dylan Robinson,13570,P J Rothwell,8,b,7,,11-3,179,SP,,88,103,92
895838,MC Roofing And Guttering Handicap Chase,188,Limerick,05/22/2025 17:05:00,SteepleChase,,,0-100,5yo+,None,2m2f,18,3619,3960,Good To Firm,Turf,6492182,Mister Persistence,97448,Mark McDonagh,10508,Sean O O'Brien,5,,8,,11-3,179,SP,,88,,
895838,MC Roofing And Guttering Handicap Chase,188,Limerick,05/22/2025 17:05:00,SteepleChase,,,0-100,5yo+,None,2m2f,18,3619,3960,Good To Firm,Turf,3636536,Rock On Pedro,88288,J J Slevin,14839,Eoin Doyle,7,tb,9,,11-1,177,SP,,86,103,94
895838,MC Roofing And Guttering Handicap Chase,188,Limerick,05/22/2025 17:05:00,SteepleChase,,,0-100,5yo+,None,2m2f,18,3619,3960,Good To Firm,Turf,3007665,Glentruan,99256,Jordan Gainford,41583,Michael Flannery,10,t,10,,10-13,173,SP,,84,106,100
895838,MC Roofing And Guttering Handicap Chase,188,Limerick,05/22/2025 17:05:00,SteepleChase,,,0-100,5yo+,None,2m2f,18,3619,3960,Good To Firm,Turf,2754387,Be My Hero,101620,Danny Gilligan,18145,Gordon Elliott,10,t,11,,10-11,171,SP,,82,,
895838,MC Roofing And Guttering Handicap Chase,188,Limerick,05/22/2025 17:05:00,SteepleChase,,,0-100,5yo+,None,2m2f,18,3619,3960,Good To Firm,Turf,3039431,Added Bonus,100365,Sam Ewing,39980,Brendan Maurice Walsh,11,tp,12,,10-8,168,SP,,79,108,73
895838,MC Roofing And Guttering Handicap Chase,188,Limerick,05/22/2025 17:05:00,SteepleChase,,,0-100,5yo+,None,2m2f,18,3619,3960,Good To Firm,Turf,1391600,Dontdooddson,92157,Philip Donovan,40513,Darren Collins,12,,13,,10-6,166,SP,,77,106,95
895838,MC Roofing And Guttering Handicap Chase,188,Limerick,05/22/2025 17:05:00,SteepleChase,,,0-100,5yo+,None,2m2f,18,3619,3960,Good To Firm,Turf,3513316,The Eye Of Tulla,89264,Richard Deegan,28861,Brian M McMahon,9,b,14,,10-6,166,SP,,77,103,67
895838,MC Roofing And Guttering Handicap Chase,188,Limerick,05/22/2025 17:05:00,SteepleChase,,,0-100,5yo+,None,2m2f,18,3619,3960,Good To Firm,Turf,4808603,Ardad Derek,97911,Gavin Brouder,18845,John Joseph Hanlon,6,,15,,10-3,163,SP,,74,,
895838,MC Roofing And Guttering Handicap Chase,188,Limerick,05/22/2025 17:05:00,SteepleChase,,,0-100,5yo+,None,2m2f,18,3619,3960,Good To Firm,Turf,3577262,Surviving Murmansk,93137,Simon Torrens,28247,James M Barcoe,7,,16,,10-3,163,SP,,74,,
895839,Irish Stallion Farms EBF Mares Chase,188,Limerick,05/22/2025 17:38:00,SteepleChase,,,,5yo+,None,2m4f,20,4021,4400,Good To Firm,Turf,4303279,A Law Of Her Own,98518,Sean O'Keeffe,22959,Peter Fahey,8,v,1,,11-2,178,SP,,125,139,128
895839,Irish Stallion Farms EBF Mares Chase,188,Limerick,05/22/2025 17:38:00,SteepleChase,,,,5yo+,None,2m4f,20,4021,4400,Good To Firm,Turf,3678070,Je T'Ai Porte,88732,Keith Donoghue,17836,Gavin Cromwell,7,h,2,,11-2,178,SP,,130,146,135
895839,Irish Stallion Farms EBF Mares Chase,188,Limerick,05/22/2025 17:38:00,SteepleChase,,,,5yo+,None,2m4f,20,4021,4400,Good To Firm,Turf,4175213,Look To The West,96391,Darragh O'Keeffe,1249,Henry De Bromhead,7,,3,,11-2,178,SP,,,152,126
895839,Irish Stallion Farms EBF Mares Chase,188,Limerick,05/22/2025 17:38:00,SteepleChase,,,,5yo+,None,2m4f,20,4021,4400,Good To Firm,Turf,58956247,Justabitofyours,99479,Jack G Gilligan,13084,Paul John Gilligan,5,,4,,10-11,171,SP,,,117,88
895840,Summer Racing @ Limerick Racecourse Beginners Chase,188,Limerick,05/22/2025 18:08:00,SteepleChase,,,,4yo+,None,2m4f,20,4021,4400,Good To Firm,Turf,3293723,Ambitious Fellow,101180,Jake Coen,22959,Peter Fahey,9,p,1,,11-12,188,SP,,,122,32
895840,Summer Racing @ Limerick Racecourse Beginners Chase,188,Limerick,05/22/2025 18:08:00,SteepleChase,,,,4yo+,None,2m4f,20,4021,4400,Good To Firm,Turf,4201359,Encanto Bruno,88732,Keith Donoghue,17836,Gavin Cromwell,7,,2,,11-12,188,SP,,,120,69
895840,Summer Racing @ Limerick Racecourse Beginners Chase,188,Limerick,05/22/2025 18:08:00,SteepleChase,,,,4yo+,None,2m4f,20,4021,4400,Good To Firm,Turf,4001888,Intellotto,88288,J J Slevin,32145,Joseph Patrick O'Brien,5,t,3,,11-12,188,SP,,,,
895840,Summer Racing @ Limerick Racecourse Beginners Chase,188,Limerick,05/22/2025 18:08:00,SteepleChase,,,,4yo+,None,2m4f,20,4021,4400,Good To Firm,Turf,5398588,Jigoro,100365,Sam Ewing,18145,Gordon Elliott,6,,4,,11-12,188,SP,,,118,67
895840,Summer Racing @ Limerick Racecourse Beginners Chase,188,Limerick,05/22/2025 18:08:00,SteepleChase,,,,4yo+,None,2m4f,20,4021,4400,Good To Firm,Turf,5523783,Minella Sergeant,99479,Jack G Gilligan,13084,Paul John Gilligan,6,,5,,11-12,188,SP,,,,
895840,Summer Racing @ Limerick Racecourse Beginners Chase,188,Limerick,05/22/2025 18:08:00,SteepleChase,,,,4yo+,None,2m4f,20,4021,4400,Good To Firm,Turf,5459665,Star In The Park,97911,Gavin Brouder,15100,D E Fitzgerald,7,,6,,11-12,188,SP,,,,
895841,Anglo Printers Handicap Chase,188,Limerick,05/22/2025 18:38:00,SteepleChase,,,,4yo+,None,2m4f,20,4021,4400,Good To Firm,Turf,2971051,I A Connect,97955,Miss T Quail,28863,Miss Evanna McCutcheon,10,t,1,,11-13,189,SP,,111,114,77
895841,Anglo Printers Handicap Chase,188,Limerick,05/22/2025 18:38:00,SteepleChase,,,,4yo+,None,2m4f,20,4021,4400,Good To Firm,Turf,3984127,Clonshire River,98226,Kieren Buckley,38507,Eddie & Patrick Harty,8,t,2,,11-12,188,SP,,110,113,91
895841,Anglo Printers Handicap Chase,188,Limerick,05/22/2025 18:38:00,SteepleChase,,,,4yo+,None,2m4f,20,4021,4400,Good To Firm,Turf,4119760,Ahead Of The Posse,88732,Keith Donoghue,17836,Gavin Cromwell,8,tp,3,,11-11,187,SP,,109,112,87
895841,Anglo Printers Handicap Chase,188,Limerick,05/22/2025 18:38:00,SteepleChase,,,,4yo+,None,2m4f,20,4021,4400,Good To Firm,Turf,4938791,Garde La Peche,96391,Darragh O'Keeffe,1249,Henry De Bromhead,7,t,4,,11-10,186,SP,,108,112,49
895841,Anglo Printers Handicap Chase,188,Limerick,05/22/2025 18:38:00,SteepleChase,,,,4yo+,None,2m4f,20,4021,4400,Good To Firm,Turf,4031515,West Clare,82680,Phillip Enright,28861,Brian M McMahon,8,,5,,10-12,172,SP,,96,,
895841,Anglo Printers Handicap Chase,188,Limerick,05/22/2025 18:38:00,SteepleChase,,,,4yo+,None,2m4f,20,4021,4400,Good To Firm,Turf,4201338,Carlas Big Jim,101060,Daniel King,11584,L J Archdeacon,7,,6,,10-10,170,SP,,94,115,104
895841,Anglo Printers Handicap Chase,188,Limerick,05/22/2025 18:38:00,SteepleChase,,,,4yo+,None,2m4f,20,4021,4400,Good To Firm,Turf,4938795,Gustavo Goodway,96768,Tiernan Power Roche,13570,P J Rothwell,7,b,7,,10-6,166,SP,,90,114,104
895841,Anglo Printers Handicap Chase,188,Limerick,05/22/2025 18:38:00,SteepleChase,,,,4yo+,None,2m4f,20,4021,4400,Good To Firm,Turf,4247945,U Asking Me,97308,Shane O'Callaghan,14839,Eoin Doyle,8,t,8,,10-5,165,SP,,89,,
895842,Munster Drilling Beginners Chase,188,Limerick,05/22/2025 19:08:00,SteepleChase,,,,5yo+,None,2m6½f,22.5,4524,4950,Good To Firm,Turf,5021503,Aspurofthemoment,88732,Keith Donoghue,17836,Gavin Cromwell,6,,1,,11-12,188,SP,,,,
895842,Munster Drilling Beginners Chase,188,Limerick,05/22/2025 19:08:00,SteepleChase,,,,5yo+,None,2m6½f,22.5,4524,4950,Good To Firm,Turf,6233873,Boston Rover,100365,Sam Ewing,18145,Gordon Elliott,6,,2,,11-12,188,SP,,,,
895842,Munster Drilling Beginners Chase,188,Limerick,05/22/2025 19:08:00,SteepleChase,,,,5yo+,None,2m6½f,22.5,4524,4950,Good To Firm,Turf,4922433,Iceberg Theory,101851,Conor Stone-Walsh,9647,Paul Nolan,6,p,3,,11-12,188,SP,,,125,
895842,Munster Drilling Beginners Chase,188,Limerick,05/22/2025 19:08:00,SteepleChase,,,,5yo+,None,2m6½f,22.5,4524,4950,Good To Firm,Turf,3822290,Mister Beeton,100972,Shane Fitzgerald,26939,Shane Nolan,8,,4,,11-12,188,SP,,,120,86
895842,Munster Drilling Beginners Chase,188,Limerick,05/22/2025 19:08:00,SteepleChase,,,,5yo+,None,2m6½f,22.5,4524,4950,Good To Firm,Turf,5574498,Work Place,96829,Liam Quinlan,26772,Ray Hackett,6,,5,,11-12,188,SP,,,,
895842,Munster Drilling Beginners Chase,188,Limerick,05/22/2025 19:08:00,SteepleChase,,,,5yo+,None,2m6½f,22.5,4524,4950,Good To Firm,Turf,5574496,Born Bright,88924,James Smith,21346,Ms Claire O'Connell,6,p,6,,11-5,181,SP,,,100,75
895842,Munster Drilling Beginners Chase,188,Limerick,05/22/2025 19:08:00,SteepleChase,,,,5yo+,None,2m6½f,22.5,4524,4950,Good To Firm,Turf,4908792,Cobra Queen,97528,Mike O'Connor,1249,Henry De Bromhead,6,,7,,11-5,181,SP,,,,
895842,Munster Drilling Beginners Chase,188,Limerick,05/22/2025 19:08:00,SteepleChase,,,,5yo+,None,2m6½f,22.5,4524,4950,Good To Firm,Turf,5492843,Grooveykindoflove,96391,Darragh O'Keeffe,1249,Henry De Bromhead,6,p,8,,11-5,181,SP,,,,
895843,Treaty Plant Hire Handicap Chase,188,Limerick,05/22/2025 19:38:00,SteepleChase,,,0-100,4yo+,None,2m6½f,22.5,4524,4950,Good To Firm,Turf,4728105,Cloughroe,99479,Jack G Gilligan,13084,Paul John Gilligan,7,,1,,12-0,192,SP,,100,101,95
895843,Treaty Plant Hire Handicap Chase,188,Limerick,05/22/2025 19:38:00,SteepleChase,,,0-100,4yo+,None,2m6½f,22.5,4524,4950,Good To Firm,Turf,5727959,Person Of Interest,102840,Paddy Hanlon,18845,John Joseph Hanlon,5,tp,2,,12-0,192,SP,,100,105,99
895843,Treaty Plant Hire Handicap Chase,188,Limerick,05/22/2025 19:38:00,SteepleChase,,,0-100,4yo+,None,2m6½f,22.5,4524,4950,Good To Firm,Turf,4469688,Island McCoo,92157,Philip Donovan,40513,Darren Collins,8,,3,,11-10,186,SP,,96,103,40
895843,Treaty Plant Hire Handicap Chase,188,Limerick,05/22/2025 19:38:00,SteepleChase,,,0-100,4yo+,None,2m6½f,22.5,4524,4950,Good To Firm,Turf,3224042,Meehall,100782,Patrick M O'Brien,10680,E McNamara,9,,4,,11-10,186,SP,,96,104,90
895843,Treaty Plant Hire Handicap Chase,188,Limerick,05/22/2025 19:38:00,SteepleChase,,,0-100,4yo+,None,2m6½f,22.5,4524,4950,Good To Firm,Turf,5355558,Ixigreczed,97911,Gavin Brouder,39620,E Seymour,7,,5,,11-6,182,SP,,92,99,86
895843,Treaty Plant Hire Handicap Chase,188,Limerick,05/22/2025 19:38:00,SteepleChase,,,0-100,4yo+,None,2m6½f,22.5,4524,4950,Good To Firm,Turf,3560303,Stellar Symphony,98613,John Shinnick,5716,Terence O'Brien,10,t,6,,11-6,182,SP,,92,99,
895843,Treaty Plant Hire Handicap Chase,188,Limerick,05/22/2025 19:38:00,SteepleChase,,,0-100,4yo+,None,2m6½f,22.5,4524,4950,Good To Firm,Turf,3154604,Tullyhogue Fort,80590,Mr P J O'Neill,5571,John F O'Neill,9,t,7,,11-6,182,SP,,92,104,85
895843,Treaty Plant Hire Handicap Chase,188,Limerick,05/22/2025 19:38:00,SteepleChase,,,0-100,4yo+,None,2m6½f,22.5,4524,4950,Good To Firm,Turf,2838269,Nazine,99484,Cian Quirke,7941,Michael J McDonagh,8,,8,,11-5,181,SP,,91,104,67
895843,Treaty Plant Hire Handicap Chase,188,Limerick,05/22/2025 19:38:00,SteepleChase,,,0-100,4yo+,None,2m6½f,22.5,4524,4950,Good To Firm,Turf,4893390,Zolpharine,98518,Sean O'Keeffe,8256,John Patrick Ryan,7,,9,,11-3,179,SP,,89,95,79
895843,Treaty Plant Hire Handicap Chase,188,Limerick,05/22/2025 19:38:00,SteepleChase,,,0-100,4yo+,None,2m6½f,22.5,4524,4950,Good To Firm,Turf,5021477,Tippin And Tappin,96391,Darragh O'Keeffe,7811,E Bolger,6,,10,,11-1,177,SP,,87,99,75
895843,Treaty Plant Hire Handicap Chase,188,Limerick,05/22/2025 19:38:00,SteepleChase,,,0-100,4yo+,None,2m6½f,22.5,4524,4950,Good To Firm,Turf,5751511,Bondi Boy Blue,87524,Danny Mullins,15775,Ms Margaret Mullins,7,,11,,11-0,176,SP,,86,101,33
895843,Treaty Plant Hire Handicap Chase,188,Limerick,05/22/2025 19:38:00,SteepleChase,,,0-100,4yo+,None,2m6½f,22.5,4524,4950,Good To Firm,Turf,4375464,Kadys Dirha,101782,Mr Andrew Burke-Ott,15412,Thomas P O'Connor,8,b,12,,11-0,176,SP,,86,107,78
895843,Treaty Plant Hire Handicap Chase,188,Limerick,05/22/2025 19:38:00,SteepleChase,,,0-100,4yo+,None,2m6½f,22.5,4524,4950,Good To Firm,Turf,4132987,Arthor,97528,Mike O'Connor,3411,James Joseph Mangan,8,,13,,10-11,171,SP,,83,101,92
895843,Treaty Plant Hire Handicap Chase,188,Limerick,05/22/2025 19:38:00,SteepleChase,,,0-100,4yo+,None,2m6½f,22.5,4524,4950,Good To Firm,Turf,3408336,God Help Us,93137,Simon Torrens,23255,Eamonn Francis Gallagher,9,p,14,,10-10,170,SP,,82,72,
895843,Treaty Plant Hire Handicap Chase,188,Limerick,05/22/2025 19:38:00,SteepleChase,,,0-100,4yo+,None,2m6½f,22.5,4524,4950,Good To Firm,Turf,5089400,Great Rainbow,82680,Phillip Enright,28861,Brian M McMahon,7,,15,,10-10,170,SP,,82,,
895843,Treaty Plant Hire Handicap Chase,188,Limerick,05/22/2025 19:38:00,SteepleChase,,,0-100,4yo+,None,2m6½f,22.5,4524,4950,Good To Firm,Turf,4146704,Kalnoo,96768,Tiernan Power Roche,31899,Paul Stephen Kiely,8,p,16,,10-7,167,SP,,79,98,
895844,Gairdin Glas Handicap Chase,188,Limerick,05/22/2025 20:08:00,SteepleChase,,,,5yo+,None,3m1½f,25.5,5127,5610,Good To Firm,Turf,3970579,Sam Magee,102312,Ethan O'Sullivan,1249,Henry De Bromhead,8,t,1,,12-1,193,SP,,123,120,82
895844,Gairdin Glas Handicap Chase,188,Limerick,05/22/2025 20:08:00,SteepleChase,,,,5yo+,None,3m1½f,25.5,5127,5610,Good To Firm,Turf,5218274,Antrim Coast,88732,Keith Donoghue,17836,Gavin Cromwell,7,,2,,12-0,192,SP,,122,119,83
895844,Gairdin Glas Handicap Chase,188,Limerick,05/22/2025 20:08:00,SteepleChase,,,,5yo+,None,3m1½f,25.5,5127,5610,Good To Firm,Turf,3547573,The Gradual Slope,97448,Mark McDonagh,10508,Sean O O'Brien,8,,3,,11-6,182,SP,,114,123,115
895844,Gairdin Glas Handicap Chase,188,Limerick,05/22/2025 20:08:00,SteepleChase,,,,5yo+,None,3m1½f,25.5,5127,5610,Good To Firm,Turf,4042161,Ceroc,82680,Phillip Enright,4129,E J O'Grady,7,b,4,,11-2,178,SP,,110,128,106
895844,Gairdin Glas Handicap Chase,188,Limerick,05/22/2025 20:08:00,SteepleChase,,,,5yo+,None,3m1½f,25.5,5127,5610,Good To Firm,Turf,3438105,Friends N Commerce,92157,Philip Donovan,4203,Patrick G Kelly,9,p,5,,10-13,173,SP,,107,122,
895844,Gairdin Glas Handicap Chase,188,Limerick,05/22/2025 20:08:00,SteepleChase,,,,5yo+,None,3m1½f,25.5,5127,5610,Good To Firm,Turf,2810451,Fairyhill Run,101060,Daniel King,8256,John Patrick Ryan,10,,6,,10-12,172,SP,,106,121,72
895844,Gairdin Glas Handicap Chase,188,Limerick,05/22/2025 20:08:00,SteepleChase,,,,5yo+,None,3m1½f,25.5,5127,5610,Good To Firm,Turf,3316949,Priory Park,96391,Darragh O'Keeffe,4129,E J O'Grady,9,p,7,,10-6,166,SP,,100,124,111
895844,Gairdin Glas Handicap Chase,188,Limerick,05/22/2025 20:08:00,SteepleChase,,,,5yo+,None,3m1½f,25.5,5127,5610,Good To Firm,Turf,4263207,Emily In Paris,97911,Gavin Brouder,15100,D E Fitzgerald,7,t,8,,10-4,164,SP,,98,125,109
894190,bet365 Amateur Jockeys' Handicap,1083,Chelmsford (AW),05/22/2025 17:15:00,Other,Class 5,,0-70,4yo+,None,1m2f,10,2010,2200,Standard,AllWeather,3199979,Saligo Bay,92036,Mr Eireann Cagney,31667,Sam England,7,,1,9,11-2,178,SP,,67,53,24
894190,bet365 Amateur Jockeys' Handicap,1083,Chelmsford (AW),05/22/2025 17:15:00,Other,Class 5,,0-70,4yo+,None,1m2f,10,2010,2200,Standard,AllWeather,3813248,Ciotog,104479,Miss Hope Regan,15429,Mark Loughnane,7,,2,7,11-2,178,SP,,67,57,32
894190,bet365 Amateur Jockeys' Handicap,1083,Chelmsford (AW),05/22/2025 17:15:00,Other,Class 5,,0-70,4yo+,None,1m2f,10,2010,2200,Standard,AllWeather,3483763,Moonlit Cloud,98955,Miss Megan Jordan,15107,Dean Ivory,7,,3,8,11-2,178,SP,,67,57,
894190,bet365 Amateur Jockeys' Handicap,1083,Chelmsford (AW),05/22/2025 17:15:00,Other,Class 5,,0-70,4yo+,None,1m2f,10,2010,2200,Standard,AllWeather,3721427,Meadram,102879,Miss Alice Tregoning,12125,Marcus Tregoning,7,,4,6,11-0,176,SP,,65,59,42
894190,bet365 Amateur Jockeys' Handicap,1083,Chelmsford (AW),05/22/2025 17:15:00,Other,Class 5,,0-70,4yo+,None,1m2f,10,2010,2200,Standard,AllWeather,3605505,Crafter,102726,Miss Tilly Evans,15429,Mark Loughnane,7,,5,10,10-13,173,SP,,64,59,37
894190,bet365 Amateur Jockeys' Handicap,1083,Chelmsford (AW),05/22/2025 17:15:00,Other,Class 5,,0-70,4yo+,None,1m2f,10,2010,2200,Standard,AllWeather,3377620,Alazwar,91400,Miss Brodie Hampson,32276,Archie Watson,7,,6,3,10-13,173,SP,,64,55,40
894190,bet365 Amateur Jockeys' Handicap,1083,Chelmsford (AW),05/22/2025 17:15:00,Other,Class 5,,0-70,4yo+,None,1m2f,10,2010,2200,Standard,AllWeather,4249816,Egoiste,99539,Mr Guy Mitchell,29411,David Menuisier,6,,7,5,10-13,173,SP,,64,57,40
894190,bet365 Amateur Jockeys' Handicap,1083,Chelmsford (AW),05/22/2025 17:15:00,Other,Class 5,,0-70,4yo+,None,1m2f,10,2010,2200,Standard,AllWeather,6367242,Blackwaterfoot,9032,Mr Simon Walker,41580,Paul Attwater,4,,8,2,10-11,171,SP,,62,55,20
894190,bet365 Amateur Jockeys' Handicap,1083,Chelmsford (AW),05/22/2025 17:15:00,Other,Class 5,,0-70,4yo+,None,1m2f,10,2010,2200,Standard,AllWeather,4465600,Star Start,103864,Miss Charli Parker,20045,Ruth Carr,5,,9,1,10-10,170,SP,,61,52,
894190,bet365 Amateur Jockeys' Handicap,1083,Chelmsford (AW),05/22/2025 17:15:00,Other,Class 5,,0-70,4yo+,None,1m2f,10,2010,2200,Standard,AllWeather,3835643,Dubai Immo,91708,Miss Megan Trainor,833,Paddy Butler,6,,10,4,10-5,165,SP,,56,60,44
894193,bet365 Apprentice Handicap,1083,Chelmsford (AW),05/22/2025 17:50:00,Other,Class 6,,0-65,4yo+,None,2m,16,3217,3520,Standard,AllWeather,4479476,Star Legend,104012,Mason Paetel,40072,James Owen,6,v,1,2,10-0,160,SP,,65,72,65
894193,bet365 Apprentice Handicap,1083,Chelmsford (AW),05/22/2025 17:50:00,Other,Class 6,,0-65,4yo+,None,2m,16,3217,3520,Standard,AllWeather,5453424,Night Horn,97993,Alice Bond,41983,Michael Keady,4,t,2,4,9-12,156,SP,,64,71,11
894193,bet365 Apprentice Handicap,1083,Chelmsford (AW),05/22/2025 17:50:00,Other,Class 6,,0-65,4yo+,None,2m,16,3217,3520,Standard,AllWeather,4908679,Grand Duchess Olga,102043,Chloe Lyons,42026,Julia & Shelley Birkett,5,p,3,3,9-10,154,SP,,61,71,46
894193,bet365 Apprentice Handicap,1083,Chelmsford (AW),05/22/2025 17:50:00,Other,Class 6,,0-65,4yo+,None,2m,16,3217,3520,Standard,AllWeather,4001950,Sullivan Bay,100697,Aiden Brookes,39840,Jim & Suzi Best,5,b,4,1,9-7,151,SP,,58,71,66
894193,bet365 Apprentice Handicap,1083,Chelmsford (AW),05/22/2025 17:50:00,Other,Class 6,,0-65,4yo+,None,2m,16,3217,3520,Standard,AllWeather,6055639,Stretch,96836,George Bass,40161,Jack Channon,4,,5,5,8-11,139,SP,,49,69,
894192,Racing Value At bet365 Maiden Fillies' Stakes (GBB Race),1083,Chelmsford (AW),05/22/2025 18:20:00,Other,Class 5,,,3yo,Fillies,1m,8,1608,1760,Standard,AllWeather,7457884,Al Durry,14234,Jim Crowley,31779,Owen Burrows,3,,1,3,9-2,146,SP,,,77,56
894192,Racing Value At bet365 Maiden Fillies' Stakes (GBB Race),1083,Chelmsford (AW),05/22/2025 18:20:00,Other,Class 5,,,3yo,Fillies,1m,8,1608,1760,Standard,AllWeather,5580198,Amelia Sedley,92276,Paddy Bradley,16406,Michael Attwater,3,h,2,12,9-2,146,SP,,,58,31
894192,Racing Value At bet365 Maiden Fillies' Stakes (GBB Race),1083,Chelmsford (AW),05/22/2025 18:20:00,Other,Class 5,,,3yo,Fillies,1m,8,1608,1760,Standard,AllWeather,7466850,Beauty Beyond,101508,Harry Davies,37478,Simon & Ed Crisford,3,,3,10,9-2,146,SP,,,77,52
894192,Racing Value At bet365 Maiden Fillies' Stakes (GBB Race),1083,Chelmsford (AW),05/22/2025 18:20:00,Other,Class 5,,,3yo,Fillies,1m,8,1608,1760,Standard,AllWeather,7382713,Bun Bang Fai,95208,William Cox,32276,Archie Watson,3,,4,9,9-2,146,SP,,,82,35
894192,Racing Value At bet365 Maiden Fillies' Stakes (GBB Race),1083,Chelmsford (AW),05/22/2025 18:20:00,Other,Class 5,,,3yo,Fillies,1m,8,1608,1760,Standard,AllWeather,7499440,Danza Parigina,98301,Marco Ghiani,9003,Marco Botti,3,,5,6,9-2,146,SP,,,,
894192,Racing Value At bet365 Maiden Fillies' Stakes (GBB Race),1083,Chelmsford (AW),05/22/2025 18:20:00,Other,Class 5,,,3yo,Fillies,1m,8,1608,1760,Standard,AllWeather,6120968,El Fox,84857,Luke Morris,9003,Marco Botti,3,,6,11,9-2,146,SP,,,72,
894192,Racing Value At bet365 Maiden Fillies' Stakes (GBB Race),1083,Chelmsford (AW),05/22/2025 18:20:00,Other,Class 5,,,3yo,Fillies,1m,8,1608,1760,Standard,AllWeather,6410529,Eternal Blessing,9836,Robert Havlin,29411,David Menuisier,3,,7,13,9-2,146,SP,,,71,
894192,Racing Value At bet365 Maiden Fillies' Stakes (GBB Race),1083,Chelmsford (AW),05/22/2025 18:20:00,Other,Class 5,,,3yo,Fillies,1m,8,1608,1760,Standard,AllWeather,7570755,Jazzy Baby,92801,Josephine Gordon,25857,Keiran Burke,3,,8,4,9-2,146,SP,,,,
894192,Racing Value At bet365 Maiden Fillies' Stakes (GBB Race),1083,Chelmsford (AW),05/22/2025 18:20:00,Other,Class 5,,,3yo,Fillies,1m,8,1608,1760,Standard,AllWeather,6635674,Magdalayna,94663,Lewis Edmunds,10704,Hughie Morrison,3,,9,7,9-2,146,SP,,,63,29
894192,Racing Value At bet365 Maiden Fillies' Stakes (GBB Race),1083,Chelmsford (AW),05/22/2025 18:20:00,Other,Class 5,,,3yo,Fillies,1m,8,1608,1760,Standard,AllWeather,7570752,Making Moves,96222,Jason Watson,38211,Darryll Holland,3,,10,5,9-2,146,SP,,,,
894192,Racing Value At bet365 Maiden Fillies' Stakes (GBB Race),1083,Chelmsford (AW),05/22/2025 18:20:00,Other,Class 5,,,3yo,Fillies,1m,8,1608,1760,Standard,AllWeather,6283453,Participle,95744,Rossa Ryan,13917,Ralph Beckett,3,,11,2,9-2,146,SP,,,98,
894192,Racing Value At bet365 Maiden Fillies' Stakes (GBB Race),1083,Chelmsford (AW),05/22/2025 18:20:00,Other,Class 5,,,3yo,Fillies,1m,8,1608,1760,Standard,AllWeather,6005910,Stellenbosch,84636,Sean Levey,28787,Richard Hannon,3,,12,1,9-2,146,SP,,78,93,
894192,Racing Value At bet365 Maiden Fillies' Stakes (GBB Race),1083,Chelmsford (AW),05/22/2025 18:20:00,Other,Class 5,,,3yo,Fillies,1m,8,1608,1760,Standard,AllWeather,7276579,True Colors,92728,Oisin Murphy,9003,Marco Botti,3,,13,8,9-2,146,SP,,,87,62
894189,Watch Live Racing At bet365 Maiden Stakes (GBB Race) (Div I),1083,Chelmsford (AW),05/22/2025 18:50:00,Other,Class 4,,,3yo+,None,1m,8,1608,1760,Standard,AllWeather,7570758,Open Road,92264,Charlie Bennett,9546,Saeed bin Suroor,5,,1,7,10-2,162,SP,,,,
894189,Watch Live Racing At bet365 Maiden Stakes (GBB Race) (Div I),1083,Chelmsford (AW),05/22/2025 18:50:00,Other,Class 4,,,3yo+,None,1m,8,1608,1760,Standard,AllWeather,5829363,Perry Mason,94663,Lewis Edmunds,14013,Michael Wigham,4,,2,16,10-2,162,SP,,,77,
894189,Watch Live Racing At bet365 Maiden Stakes (GBB Race) (Div I),1083,Chelmsford (AW),05/22/2025 18:50:00,Other,Class 4,,,3yo+,None,1m,8,1608,1760,Standard,AllWeather,7006358,Senor Cortez,92276,Paddy Bradley,25052,Robert Eddery,4,,3,4,10-2,162,SP,,,58,30
894189,Watch Live Racing At bet365 Maiden Stakes (GBB Race) (Div I),1083,Chelmsford (AW),05/22/2025 18:50:00,Other,Class 4,,,3yo+,None,1m,8,1608,1760,Standard,AllWeather,6358980,Miss Tinkerbell,101508,Harry Davies,10704,Hughie Morrison,5,b,4,15,9-11,155,SP,,,,
894189,Watch Live Racing At bet365 Maiden Stakes (GBB Race) (Div I),1083,Chelmsford (AW),05/22/2025 18:50:00,Other,Class 4,,,3yo+,None,1m,8,1608,1760,Standard,AllWeather,7570753,Antipodes,88798,Ray Dawson,24890,Roger Varian,3,h,5,11,9-4,148,SP,,,,
894189,Watch Live Racing At bet365 Maiden Stakes (GBB Race) (Div I),1083,Chelmsford (AW),05/22/2025 18:50:00,Other,Class 4,,,3yo+,None,1m,8,1608,1760,Standard,AllWeather,7378601,Belaya River,102070,Mikkel Mortensen,28913,Charlie Fellowes,3,,6,10,9-4,148,SP,,,61,18
894189,Watch Live Racing At bet365 Maiden Stakes (GBB Race) (Div I),1083,Chelmsford (AW),05/22/2025 18:50:00,Other,Class 4,,,3yo+,None,1m,8,1608,1760,Standard,AllWeather,6626304,Believe In Success,104012,Mason Paetel,13692,Denis Quinn,3,,7,6,9-4,148,SP,,,51,
894189,Watch Live Racing At bet365 Maiden Stakes (GBB Race) (Div I),1083,Chelmsford (AW),05/22/2025 18:50:00,Other,Class 4,,,3yo+,None,1m,8,1608,1760,Standard,AllWeather,5708605,Deauville Blue,95744,Rossa Ryan,12601,Jonathan Portman,3,,8,1,9-4,148,SP,,,79,
894189,Watch Live Racing At bet365 Maiden Stakes (GBB Race) (Div I),1083,Chelmsford (AW),05/22/2025 18:50:00,Other,Class 4,,,3yo+,None,1m,8,1608,1760,Standard,AllWeather,7570756,Dor's Dream,104210,Zacharia Clarke,15107,Dean Ivory,3,,9,9,9-4,148,SP,,,,
894189,Watch Live Racing At bet365 Maiden Stakes (GBB Race) (Div I),1083,Chelmsford (AW),05/22/2025 18:50:00,Other,Class 4,,,3yo+,None,1m,8,1608,1760,Standard,AllWeather,7365384,Explode,92728,Oisin Murphy,36672,James Ferguson,3,,10,8,9-4,148,SP,,,89,65
894189,Watch Live Racing At bet365 Maiden Stakes (GBB Race) (Div I),1083,Chelmsford (AW),05/22/2025 18:50:00,Other,Class 4,,,3yo+,None,1m,8,1608,1760,Standard,AllWeather,7453797,Grand Harbour,84857,Luke Morris,67,Sir Mark Prescott Bt,3,,11,13,9-4,148,SP,,,51,15
894189,Watch Live Racing At bet365 Maiden Stakes (GBB Race) (Div I),1083,Chelmsford (AW),05/22/2025 18:50:00,Other,Class 4,,,3yo+,None,1m,8,1608,1760,Standard,AllWeather,6595653,Mudbir,14234,Jim Crowley,38291,John & Thady Gosden,3,,12,3,9-4,148,SP,,,87,
894189,Watch Live Racing At bet365 Maiden Stakes (GBB Race) (Div I),1083,Chelmsford (AW),05/22/2025 18:50:00,Other,Class 4,,,3yo+,None,1m,8,1608,1760,Standard,AllWeather,7516456,Royal Emblem,95492,Georgia Dobie,41218,Edward Smyth-Osbourne,3,,13,14,9-4,148,SP,,,,
894189,Watch Live Racing At bet365 Maiden Stakes (GBB Race) (Div I),1083,Chelmsford (AW),05/22/2025 18:50:00,Other,Class 4,,,3yo+,None,1m,8,1608,1760,Standard,AllWeather,7566152,Sea Robbo Run,9836,Robert Havlin,32765,Tom Clover,3,,14,12,9-4,148,SP,,,,
894189,Watch Live Racing At bet365 Maiden Stakes (GBB Race) (Div I),1083,Chelmsford (AW),05/22/2025 18:50:00,Other,Class 4,,,3yo+,None,1m,8,1608,1760,Standard,AllWeather,6496512,Take The A Train,96222,Jason Watson,9036,Ed Dunlop,3,,15,2,9-4,148,SP,,,47,12
894189,Watch Live Racing At bet365 Maiden Stakes (GBB Race) (Div I),1083,Chelmsford (AW),05/22/2025 18:50:00,Other,Class 4,,,3yo+,None,1m,8,1608,1760,Standard,AllWeather,7570751,Team Player,96836,George Bass,40161,Jack Channon,3,,16,5,9-4,148,SP,,,,
896016,Watch Live Racing At bet365 Maiden Stakes (GBB Race) (Div II),1083,Chelmsford (AW),05/22/2025 19:20:00,Other,Class 4,,,3yo+,None,1m,8,1608,1760,Standard,AllWeather,6143347,Shimmering Spin,95744,Rossa Ryan,17851,Jane Chapple-Hyam,4,,1,6,10-2,162,SP,,79,83,55
896016,Watch Live Racing At bet365 Maiden Stakes (GBB Race) (Div II),1083,Chelmsford (AW),05/22/2025 19:20:00,Other,Class 4,,,3yo+,None,1m,8,1608,1760,Standard,AllWeather,4730074,Armathia,92801,Josephine Gordon,25857,Keiran Burke,6,ht,2,1,9-11,155,SP,,,,
896016,Watch Live Racing At bet365 Maiden Stakes (GBB Race) (Div II),1083,Chelmsford (AW),05/22/2025 19:20:00,Other,Class 4,,,3yo+,None,1m,8,1608,1760,Standard,AllWeather,6979110,Aqab,84857,Luke Morris,67,Sir Mark Prescott Bt,3,,3,4,9-4,148,SP,,,73,53
896016,Watch Live Racing At bet365 Maiden Stakes (GBB Race) (Div II),1083,Chelmsford (AW),05/22/2025 19:20:00,Other,Class 4,,,3yo+,None,1m,8,1608,1760,Standard,AllWeather,6952468,Arabian Story,92728,Oisin Murphy,9546,Saeed bin Suroor,3,,4,5,9-4,148,SP,,,82,70
896016,Watch Live Racing At bet365 Maiden Stakes (GBB Race) (Div II),1083,Chelmsford (AW),05/22/2025 19:20:00,Other,Class 4,,,3yo+,None,1m,8,1608,1760,Standard,AllWeather,7413940,Competizione,9836,Robert Havlin,38291,John & Thady Gosden,3,t,5,3,9-4,148,SP,,,89,
896016,Watch Live Racing At bet365 Maiden Stakes (GBB Race) (Div II),1083,Chelmsford (AW),05/22/2025 19:20:00,Other,Class 4,,,3yo+,None,1m,8,1608,1760,Standard,AllWeather,6309470,Double Meaning,98301,Marco Ghiani,9440,John Berry,3,,6,11,9-4,148,SP,,,69,
896016,Watch Live Racing At bet365 Maiden Stakes (GBB Race) (Div II),1083,Chelmsford (AW),05/22/2025 19:20:00,Other,Class 4,,,3yo+,None,1m,8,1608,1760,Standard,AllWeather,7462325,Emperor's Logic,91653,Joey Haynes,15107,Dean Ivory,3,,7,2,9-4,148,SP,,,35,
896016,Watch Live Racing At bet365 Maiden Stakes (GBB Race) (Div II),1083,Chelmsford (AW),05/22/2025 19:20:00,Other,Class 4,,,3yo+,None,1m,8,1608,1760,Standard,AllWeather,7426996,Jupiter Ammon,100360,Callum Hutchinson,15605,Andrew Balding,3,,8,15,9-4,148,SP,,,38,18
896016,Watch Live Racing At bet365 Maiden Stakes (GBB Race) (Div II),1083,Chelmsford (AW),05/22/2025 19:20:00,Other,Class 4,,,3yo+,None,1m,8,1608,1760,Standard,AllWeather,7426986,Kilima,98602,Laura Pearson,40072,James Owen,3,,9,9,9-4,148,SP,,,,
896016,Watch Live Racing At bet365 Maiden Stakes (GBB Race) (Div II),1083,Chelmsford (AW),05/22/2025 19:20:00,Other,Class 4,,,3yo+,None,1m,8,1608,1760,Standard,AllWeather,7561592,Mawood,14234,Jim Crowley,38304,Harry Eustace,3,,10,12,9-4,148,SP,,,,
896016,Watch Live Racing At bet365 Maiden Stakes (GBB Race) (Div II),1083,Chelmsford (AW),05/22/2025 19:20:00,Other,Class 4,,,3yo+,None,1m,8,1608,1760,Standard,AllWeather,5708904,River King,84636,Sean Levey,28787,Richard Hannon,3,,11,7,9-4,148,SP,,85,85,
896016,Watch Live Racing At bet365 Maiden Stakes (GBB Race) (Div II),1083,Chelmsford (AW),05/22/2025 19:20:00,Other,Class 4,,,3yo+,None,1m,8,1608,1760,Standard,AllWeather,6692991,Rolling Luck,95103,Ben Sanderson,7083,S Woods,3,,12,10,9-4,148,SP,,,24,5
896016,Watch Live Racing At bet365 Maiden Stakes (GBB Race) (Div II),1083,Chelmsford (AW),05/22/2025 19:20:00,Other,Class 4,,,3yo+,None,1m,8,1608,1760,Standard,AllWeather,7395239,Sir Wootton,94663,Lewis Edmunds,26177,John Butler,3,,13,8,9-4,148,SP,,,51,
896016,Watch Live Racing At bet365 Maiden Stakes (GBB Race) (Div II),1083,Chelmsford (AW),05/22/2025 19:20:00,Other,Class 4,,,3yo+,None,1m,8,1608,1760,Standard,AllWeather,7570754,Summertime Blues,95208,William Cox,32276,Archie Watson,3,,14,13,9-4,148,SP,,,,
896016,Watch Live Racing At bet365 Maiden Stakes (GBB Race) (Div II),1083,Chelmsford (AW),05/22/2025 19:20:00,Other,Class 4,,,3yo+,None,1m,8,1608,1760,Standard,AllWeather,7570757,Wood Whisperer,96222,Jason Watson,41580,Paul Attwater,3,,15,14,9-4,148,SP,,,,
894191,6 horses Challenge At bet365 Handicap,1083,Chelmsford (AW),05/22/2025 19:50:00,Other,Class 5,,0-70,4yo+,None,5f,5,1005,1100,Standard,AllWeather,5061633,Smooth Silesie,95744,Rossa Ryan,9170,Lisa Williamson,4,b,1,3,9-9,153,SP,,69,82,70
894191,6 horses Challenge At bet365 Handicap,1083,Chelmsford (AW),05/22/2025 19:50:00,Other,Class 5,,0-70,4yo+,None,5f,5,1005,1100,Standard,AllWeather,3205779,Twilight Madness,97319,William Carver,26761,Simon Hodgson,7,,2,7,9-8,152,SP,,68,83,63
894191,6 horses Challenge At bet365 Handicap,1083,Chelmsford (AW),05/22/2025 19:50:00,Other,Class 5,,0-70,4yo+,None,5f,5,1005,1100,Standard,AllWeather,2996576,Jojo Rabbit,84541,James Sullivan,20045,Ruth Carr,7,p,3,6,9-5,149,SP,,65,82,64
894191,6 horses Challenge At bet365 Handicap,1083,Chelmsford (AW),05/22/2025 19:50:00,Other,Class 5,,0-70,4yo+,None,5f,5,1005,1100,Standard,AllWeather,4076251,Agostino,98301,Marco Ghiani,12057,Robert Cowell,5,,4,2,9-3,147,SP,,63,82,71
894191,6 horses Challenge At bet365 Handicap,1083,Chelmsford (AW),05/22/2025 19:50:00,Other,Class 5,,0-70,4yo+,None,5f,5,1005,1100,Standard,AllWeather,3588779,Buraback,84857,Luke Morris,5837,Derek Shaw,6,,5,4,9-2,146,SP,,62,81,59
894191,6 horses Challenge At bet365 Handicap,1083,Chelmsford (AW),05/22/2025 19:50:00,Other,Class 5,,0-70,4yo+,None,5f,5,1005,1100,Standard,AllWeather,2702887,Dark Side Prince,94663,Lewis Edmunds,37813,Jessica Macey,8,p,6,1,9-0,144,SP,,60,80,70
894191,6 horses Challenge At bet365 Handicap,1083,Chelmsford (AW),05/22/2025 19:50:00,Other,Class 5,,0-70,4yo+,None,5f,5,1005,1100,Standard,AllWeather,4826926,Zola Power,88798,Ray Dawson,12057,Robert Cowell,4,ht,7,5,9-0,144,SP,,60,78,33
894191,6 horses Challenge At bet365 Handicap,1083,Chelmsford (AW),05/22/2025 19:50:00,Other,Class 5,,0-70,4yo+,None,5f,5,1005,1100,Standard,AllWeather,4624486,Colors Of Freedom,95208,William Cox,38406,Joe Ponting,5,,8,8,8-8,136,SP,,54,79,67
894195,Download The bet365 App Handicap,1083,Chelmsford (AW),05/22/2025 20:20:00,Other,Class 6,,0-65,4yo+,None,6f,6,1206,1320,Standard,AllWeather,4977932,Kalik,97993,Alice Bond,41983,Michael Keady,4,t,1,12,9-9,153,SP,,65,70,29
894195,Download The bet365 App Handicap,1083,Chelmsford (AW),05/22/2025 20:20:00,Other,Class 6,,0-65,4yo+,None,6f,6,1206,1320,Standard,AllWeather,3097705,Temple Bruer,98301,Marco Ghiani,19116,Mike Murphy,7,tp,2,4,9-9,153,SP,,65,72,66
894195,Download The bet365 App Handicap,1083,Chelmsford (AW),05/22/2025 20:20:00,Other,Class 6,,0-65,4yo+,None,6f,6,1206,1320,Standard,AllWeather,5212133,Dark Dreamer,84636,Sean Levey,19116,Mike Murphy,4,,3,3,9-8,152,SP,,64,78,63
894195,Download The bet365 App Handicap,1083,Chelmsford (AW),05/22/2025 20:20:00,Other,Class 6,,0-65,4yo+,None,6f,6,1206,1320,Standard,AllWeather,4465626,Bill Plumb,84857,Luke Morris,12904,Phil McEntee,6,t,4,8,9-8,152,SP,,64,74,68
894195,Download The bet365 App Handicap,1083,Chelmsford (AW),05/22/2025 20:20:00,Other,Class 6,,0-65,4yo+,None,6f,6,1206,1320,Standard,AllWeather,5268387,Gundogan,95744,Rossa Ryan,42295,Ross Burdon,4,b,5,10,9-8,152,SP,,64,73,71
894195,Download The bet365 App Handicap,1083,Chelmsford (AW),05/22/2025 20:20:00,Other,Class 6,,0-65,4yo+,None,6f,6,1206,1320,Standard,AllWeather,5357883,Combustion,91653,Joey Haynes,36272,Chelsea Banham,4,,6,6,9-7,151,SP,,63,79,64
894195,Download The bet365 App Handicap,1083,Chelmsford (AW),05/22/2025 20:20:00,Other,Class 6,,0-65,4yo+,None,6f,6,1206,1320,Standard,AllWeather,2767416,Yoshimi,102639,Andrea Pinna,22150,Michael Herrington,8,,7,5,9-6,150,SP,,62,76,53
894195,Download The bet365 App Handicap,1083,Chelmsford (AW),05/22/2025 20:20:00,Other,Class 6,,0-65,4yo+,None,6f,6,1206,1320,Standard,AllWeather,4076255,Safari Dream,92728,Oisin Murphy,4550,Rod Millman,5,,8,9,9-5,149,SP,,61,82,68
894195,Download The bet365 App Handicap,1083,Chelmsford (AW),05/22/2025 20:20:00,Other,Class 6,,0-65,4yo+,None,6f,6,1206,1320,Standard,AllWeather,4924424,Forever Noah,88798,Ray Dawson,24890,Roger Varian,4,,9,1,9-4,148,SP,,60,74,65
894195,Download The bet365 App Handicap,1083,Chelmsford (AW),05/22/2025 20:20:00,Other,Class 6,,0-65,4yo+,None,6f,6,1206,1320,Standard,AllWeather,5055579,Nelson Rose,96222,Jason Watson,30178,Charlie Wallis,4,hp,10,2,9-4,148,SP,,60,76,12
894195,Download The bet365 App Handicap,1083,Chelmsford (AW),05/22/2025 20:20:00,Other,Class 6,,0-65,4yo+,None,6f,6,1206,1320,Standard,AllWeather,3831878,Thomas Equinas,9836,Robert Havlin,15107,Dean Ivory,6,p,11,11,9-2,146,SP,,58,77,66
894195,Download The bet365 App Handicap,1083,Chelmsford (AW),05/22/2025 20:20:00,Other,Class 6,,0-65,4yo+,None,6f,6,1206,1320,Standard,AllWeather,3652164,El Hibri,92801,Josephine Gordon,12465,Ian Williams,6,v,12,7,9-1,145,SP,,57,78,65
894194,Best Odds Guaranteed At bet365 Handicap,1083,Chelmsford (AW),05/22/2025 20:50:00,Other,Class 6,,0-55,4yo+,None,7f,7,1407,1540,Standard,AllWeather,3880889,Bizarre Law,92728,Oisin Murphy,22150,Michael Herrington,6,p,1,6,10-0,160,SP,,60,73,59
894194,Best Odds Guaranteed At bet365 Handicap,1083,Chelmsford (AW),05/22/2025 20:50:00,Other,Class 6,,0-55,4yo+,None,7f,7,1407,1540,Standard,AllWeather,5875734,Bold Suitor,95492,Georgia Dobie,41370,Craig Benton,8,b,2,8,9-9,153,SP,,55,66,60
894194,Best Odds Guaranteed At bet365 Handicap,1083,Chelmsford (AW),05/22/2025 20:50:00,Other,Class 6,,0-55,4yo+,None,7f,7,1407,1540,Standard,AllWeather,4400651,Eight Mile,95744,Rossa Ryan,21550,D Donovan,5,b,3,12,9-9,153,SP,,55,67,60
894194,Best Odds Guaranteed At bet365 Handicap,1083,Chelmsford (AW),05/22/2025 20:50:00,Other,Class 6,,0-55,4yo+,None,7f,7,1407,1540,Standard,AllWeather,3634791,Heerathetrack,99724,Tyler Heard,13,Mark Usher,6,p,4,13,9-8,152,SP,,54,67,60
894194,Best Odds Guaranteed At bet365 Handicap,1083,Chelmsford (AW),05/22/2025 20:50:00,Other,Class 6,,0-55,4yo+,None,7f,7,1407,1540,Standard,AllWeather,6079166,Kranjcar,102526,Jack Callan,36211,George Boughey,4,tb,5,11,9-8,152,SP,,54,71,44
894194,Best Odds Guaranteed At bet365 Handicap,1083,Chelmsford (AW),05/22/2025 20:50:00,Other,Class 6,,0-55,4yo+,None,7f,7,1407,1540,Standard,AllWeather,3290555,Ballybaymoonshiner,94663,Lewis Edmunds,15820,Murty McGrath,7,v,6,3,9-6,150,SP,,52,67,59
894194,Best Odds Guaranteed At bet365 Handicap,1083,Chelmsford (AW),05/22/2025 20:50:00,Other,Class 6,,0-55,4yo+,None,7f,7,1407,1540,Standard,AllWeather,4076443,Due Date,96222,Jason Watson,30178,Charlie Wallis,5,v,7,2,9-5,149,SP,,51,68,62
894194,Best Odds Guaranteed At bet365 Handicap,1083,Chelmsford (AW),05/22/2025 20:50:00,Other,Class 6,,0-55,4yo+,None,7f,7,1407,1540,Standard,AllWeather,4303320,Kessaar Power,84857,Luke Morris,12904,Phil McEntee,5,,9,4,9-3,147,SP,,49,68,50
894194,Best Odds Guaranteed At bet365 Handicap,1083,Chelmsford (AW),05/22/2025 20:50:00,Other,Class 6,,0-55,4yo+,None,7f,7,1407,1540,Standard,AllWeather,6649592,Darlo Lady,88798,Ray Dawson,26061,Anthony Carson,4,,10,7,9-1,145,SP,,47,58,
894194,Best Odds Guaranteed At bet365 Handicap,1083,Chelmsford (AW),05/22/2025 20:50:00,Other,Class 6,,0-55,4yo+,None,7f,7,1407,1540,Standard,AllWeather,5181951,Spirit La Adelita,100697,Aiden Brookes,39840,Jim & Suzi Best,4,v,11,5,9-0,144,SP,,46,64,26
894194,Best Odds Guaranteed At bet365 Handicap,1083,Chelmsford (AW),05/22/2025 20:50:00,Other,Class 6,,0-55,4yo+,None,7f,7,1407,1540,Standard,AllWeather,4471466,Doves Of Peace,98301,Marco Ghiani,21291,Clare Hobson,5,,12,1,9-0,144,SP,,46,65,58
894194,Best Odds Guaranteed At bet365 Handicap,1083,Chelmsford (AW),05/22/2025 20:50:00,Other,Class 6,,0-55,4yo+,None,7f,7,1407,1540,Standard,AllWeather,6613669,Shades Of May,96836,George Bass,13,Mark Usher,5,,13,9,9-0,144,SP,,46,66,64
894201,Download The Raceday Ready App Apprentice Handicap,513,Wolverhampton (AW),05/22/2025 17:30:00,Other,Class 6,,0-58,3yo,None,6f,6,1206,1320,Standard,AllWeather,7134169,Gorgeous Mr George,98516,Morgan Cole,39413,Dylan Cunha,3,p,1,6,9-9,153,SP,,58,67,53
894201,Download The Raceday Ready App Apprentice Handicap,513,Wolverhampton (AW),05/22/2025 17:30:00,Other,Class 6,,0-58,3yo,None,6f,6,1206,1320,Standard,AllWeather,5580057,Woodhay Whisper,101259,Joe Leavy,34679,Max Young,3,h,2,9,9-8,152,SP,,57,70,63
894201,Download The Raceday Ready App Apprentice Handicap,513,Wolverhampton (AW),05/22/2025 17:30:00,Other,Class 6,,0-58,3yo,None,6f,6,1206,1320,Standard,AllWeather,5884236,Sun Keeper,100380,Christian Howarth,38170,Alice Haynes,3,t,3,3,9-8,152,SP,,57,64,55
894201,Download The Raceday Ready App Apprentice Handicap,513,Wolverhampton (AW),05/22/2025 17:30:00,Other,Class 6,,0-58,3yo,None,6f,6,1206,1320,Standard,AllWeather,5708826,Up The Anti,103198,Jack Doughty,39483,Jack Jones,3,p,4,1,9-7,151,SP,,56,64,
894201,Download The Raceday Ready App Apprentice Handicap,513,Wolverhampton (AW),05/22/2025 17:30:00,Other,Class 6,,0-58,3yo,None,6f,6,1206,1320,Standard,AllWeather,6473560,Summer Rain,104207,Ashley Lewis,5121,J S Moore,3,,5,5,9-5,149,SP,,54,67,57
894201,Download The Raceday Ready App Apprentice Handicap,513,Wolverhampton (AW),05/22/2025 17:30:00,Other,Class 6,,0-58,3yo,None,6f,6,1206,1320,Standard,AllWeather,5870122,Fancy Dancer,98352,Millie Wonnacott,40346,Ollie Sangster,3,,6,7,9-4,148,SP,,53,61,39
894201,Download The Raceday Ready App Apprentice Handicap,513,Wolverhampton (AW),05/22/2025 17:30:00,Other,Class 6,,0-58,3yo,None,6f,6,1206,1320,Standard,AllWeather,6881405,Red Vines,104019,Warren Fentiman,9170,Lisa Williamson,3,,7,4,9-2,146,SP,,51,56,54
894201,Download The Raceday Ready App Apprentice Handicap,513,Wolverhampton (AW),05/22/2025 17:30:00,Other,Class 6,,0-58,3yo,None,6f,6,1206,1320,Standard,AllWeather,6425088,Promise Time,99878,Alex Jary,865,Nigel Tinkler,3,,8,2,9-1,145,SP,,50,65,56
894201,Download The Raceday Ready App Apprentice Handicap,513,Wolverhampton (AW),05/22/2025 17:30:00,Other,Class 6,,0-58,3yo,None,6f,6,1206,1320,Standard,AllWeather,6609238,Sarabi,103833,Jack Dace,41983,Michael Keady,3,,9,8,8-11,139,SP,,46,69,64
894198,Visit wolverhampton-racecourse.co.uk To Book Now Maiden Fillies' Stakes (GBB Race),513,Wolverhampton (AW),05/22/2025 18:00:00,Other,Class 5,,,3yo+,Fillies,1m½f,8.5,1709,1870,Standard,AllWeather,5426849,Grace Taufan,94225,Callum Rodriguez,38170,Alice Haynes,4,t,1,7,10-1,161,SP,,,74,50
894198,Visit wolverhampton-racecourse.co.uk To Book Now Maiden Fillies' Stakes (GBB Race),513,Wolverhampton (AW),05/22/2025 18:00:00,Other,Class 5,,,3yo+,Fillies,1m½f,8.5,1709,1870,Standard,AllWeather,5831382,Miss Justice,95522,Luke Catton,38291,John & Thady Gosden,4,,2,5,10-1,161,SP,,,85,62
894198,Visit wolverhampton-racecourse.co.uk To Book Now Maiden Fillies' Stakes (GBB Race),513,Wolverhampton (AW),05/22/2025 18:00:00,Other,Class 5,,,3yo+,Fillies,1m½f,8.5,1709,1870,Standard,AllWeather,7570743,Be Lucky Bear,103198,Jack Doughty,9714,Tony Carroll,3,,3,4,9-2,146,SP,,,,
894198,Visit wolverhampton-racecourse.co.uk To Book Now Maiden Fillies' Stakes (GBB Race),513,Wolverhampton (AW),05/22/2025 18:00:00,Other,Class 5,,,3yo+,Fillies,1m½f,8.5,1709,1870,Standard,AllWeather,6645046,Flightofthephoenix,92774,Rob Hornby,25628,Charles Hills,3,,4,1,9-2,146,SP,,,72,64
894198,Visit wolverhampton-racecourse.co.uk To Book Now Maiden Fillies' Stakes (GBB Race),513,Wolverhampton (AW),05/22/2025 18:00:00,Other,Class 5,,,3yo+,Fillies,1m½f,8.5,1709,1870,Standard,AllWeather,6921056,Invisible,76872,P J McDonald,32765,Tom Clover,3,,5,9,9-2,146,SP,,75,77,40
894198,Visit wolverhampton-racecourse.co.uk To Book Now Maiden Fillies' Stakes (GBB Race),513,Wolverhampton (AW),05/22/2025 18:00:00,Other,Class 5,,,3yo+,Fillies,1m½f,8.5,1709,1870,Standard,AllWeather,6550736,Kordylia,91857,Daniel Muscutt,4540,James Fanshawe,3,,6,8,9-2,146,SP,,,46,17
894198,Visit wolverhampton-racecourse.co.uk To Book Now Maiden Fillies' Stakes (GBB Race),513,Wolverhampton (AW),05/22/2025 18:00:00,Other,Class 5,,,3yo+,Fillies,1m½f,8.5,1709,1870,Standard,AllWeather,7390850,Rajinoora,100350,Saffie Osborne,4113,Michael Bell,3,,7,6,9-2,146,SP,,,60,
894198,Visit wolverhampton-racecourse.co.uk To Book Now Maiden Fillies' Stakes (GBB Race),513,Wolverhampton (AW),05/22/2025 18:00:00,Other,Class 5,,,3yo+,Fillies,1m½f,8.5,1709,1870,Standard,AllWeather,6451094,Regal Agenda,90103,Shane Gray,5019,K R Burke,3,,8,2,9-2,146,SP,,77,81,
894198,Visit wolverhampton-racecourse.co.uk To Book Now Maiden Fillies' Stakes (GBB Race),513,Wolverhampton (AW),05/22/2025 18:00:00,Other,Class 5,,,3yo+,Fillies,1m½f,8.5,1709,1870,Standard,AllWeather,7475659,Rumba Numba,84416,Jack Mitchell,24890,Roger Varian,3,,9,11,9-2,146,SP,,,38,
894198,Visit wolverhampton-racecourse.co.uk To Book Now Maiden Fillies' Stakes (GBB Race),513,Wolverhampton (AW),05/22/2025 18:00:00,Other,Class 5,,,3yo+,Fillies,1m½f,8.5,1709,1870,Standard,AllWeather,6741752,Safe Idea,2572,Joe Fanning,40131,Charlie Johnston,3,,10,3,9-2,146,SP,,,73,27
894198,Visit wolverhampton-racecourse.co.uk To Book Now Maiden Fillies' Stakes (GBB Race),513,Wolverhampton (AW),05/22/2025 18:00:00,Other,Class 5,,,3yo+,Fillies,1m½f,8.5,1709,1870,Standard,AllWeather,7570744,Say Again,100640,Benoit De La Sayette,38291,John & Thady Gosden,3,,11,12,9-2,146,SP,,,,
894196,Get Raceday Ready Handicap (GBBPlus Race),513,Wolverhampton (AW),05/22/2025 18:30:00,Other,Class 4,,0-85,4yo+,None,1m4f,12,2412,2640,Standard,AllWeather,5266403,Kitty Furnival,84416,Jack Mitchell,37478,Simon & Ed Crisford,4,,1,3,9-11,155,SP,,87,100,83
894196,Get Raceday Ready Handicap (GBBPlus Race),513,Wolverhampton (AW),05/22/2025 18:30:00,Other,Class 4,,0-85,4yo+,None,1m4f,12,2412,2640,Standard,AllWeather,3900235,Haku,98519,Cieren Fallon,15429,Mark Loughnane,6,,2,5,9-9,153,SP,,85,100,80
894196,Get Raceday Ready Handicap (GBBPlus Race),513,Wolverhampton (AW),05/22/2025 18:30:00,Other,Class 4,,0-85,4yo+,None,1m4f,12,2412,2640,Standard,AllWeather,4765716,Sax Appeal,2572,Joe Fanning,40131,Charlie Johnston,5,b,3,1,9-3,147,SP,,79,102,93
894196,Get Raceday Ready Handicap (GBBPlus Race),513,Wolverhampton (AW),05/22/2025 18:30:00,Other,Class 4,,0-85,4yo+,None,1m4f,12,2412,2640,Standard,AllWeather,3273550,Isle Of Sark,103198,Jack Doughty,9714,Tony Carroll,7,,4,4,9-1,145,SP,,77,96,
894196,Get Raceday Ready Handicap (GBBPlus Race),513,Wolverhampton (AW),05/22/2025 18:30:00,Other,Class 4,,0-85,4yo+,None,1m4f,12,2412,2640,Standard,AllWeather,4332791,Shahbaz,101259,Joe Leavy,12465,Ian Williams,5,p,5,2,8-13,141,SP,,75,96,85
894200,Free Digital Racecard At raceday-ready.com Handicap (Div I),513,Wolverhampton (AW),05/22/2025 19:00:00,Other,Class 6,,0-55,3yo,None,1m½f,8.5,1709,1870,Standard,AllWeather,5708952,Coiled,104019,Warren Fentiman,13450,Andrew J Martin,3,,1,1,9-9,153,SP,,55,63,23
894200,Free Digital Racecard At raceday-ready.com Handicap (Div I),513,Wolverhampton (AW),05/22/2025 19:00:00,Other,Class 6,,0-55,3yo,None,1m½f,8.5,1709,1870,Standard,AllWeather,6134825,That Lucas Fella,81166,Andrew Mullen,21516,Iain Jardine,3,,2,5,9-9,153,SP,,55,63,35
894200,Free Digital Racecard At raceday-ready.com Handicap (Div I),513,Wolverhampton (AW),05/22/2025 19:00:00,Other,Class 6,,0-55,3yo,None,1m½f,8.5,1709,1870,Standard,AllWeather,6824841,Beaune,93746,Jordan Williams,5106,Bernard Llewellyn,3,,3,8,9-8,152,SP,,54,59,55
894200,Free Digital Racecard At raceday-ready.com Handicap (Div I),513,Wolverhampton (AW),05/22/2025 19:00:00,Other,Class 6,,0-55,3yo,None,1m½f,8.5,1709,1870,Standard,AllWeather,6000781,Abstract Art,102723,Ryan Kavanagh,12465,Ian Williams,3,,4,10,9-7,151,SP,,53,62,47
894200,Free Digital Racecard At raceday-ready.com Handicap (Div I),513,Wolverhampton (AW),05/22/2025 19:00:00,Other,Class 6,,0-55,3yo,None,1m½f,8.5,1709,1870,Standard,AllWeather,6436499,Helston Dance,92774,Rob Hornby,14567,Stuart Kittow,3,,5,4,9-6,150,SP,,52,59,32
894200,Free Digital Racecard At raceday-ready.com Handicap (Div I),513,Wolverhampton (AW),05/22/2025 19:00:00,Other,Class 6,,0-55,3yo,None,1m½f,8.5,1709,1870,Standard,AllWeather,7183161,Bigfield Dreams,100380,Christian Howarth,38170,Alice Haynes,3,v,6,2,9-4,148,SP,,50,61,37
894200,Free Digital Racecard At raceday-ready.com Handicap (Div I),513,Wolverhampton (AW),05/22/2025 19:00:00,Other,Class 6,,0-55,3yo,None,1m½f,8.5,1709,1870,Standard,AllWeather,6350106,Banksman,94158,Edward Greatrex,40161,Jack Channon,3,,7,6,9-4,148,SP,,50,58,
894200,Free Digital Racecard At raceday-ready.com Handicap (Div I),513,Wolverhampton (AW),05/22/2025 19:00:00,Other,Class 6,,0-55,3yo,None,1m½f,8.5,1709,1870,Standard,AllWeather,6662112,Amber Honey,98519,Cieren Fallon,9036,Ed Dunlop,3,b,8,9,9-3,147,SP,,49,64,54
894200,Free Digital Racecard At raceday-ready.com Handicap (Div I),513,Wolverhampton (AW),05/22/2025 19:00:00,Other,Class 6,,0-55,3yo,None,1m½f,8.5,1709,1870,Standard,AllWeather,6193158,Pacific Man,76872,P J McDonald,39482,Oliver Greenall & Josh Guerriero,3,tp,9,7,9-2,146,SP,,48,48,
894200,Free Digital Racecard At raceday-ready.com Handicap (Div I),513,Wolverhampton (AW),05/22/2025 19:00:00,Other,Class 6,,0-55,3yo,None,1m½f,8.5,1709,1870,Standard,AllWeather,58950440,My Candy Girl,103198,Jack Doughty,9714,Tony Carroll,3,,10,3,9-0,144,SP,,46,47,
896018,Free Digital Racecard At raceday-ready.com Handicap (Div II),513,Wolverhampton (AW),05/22/2025 19:30:00,Other,Class 6,,0-55,3yo,None,1m½f,8.5,1709,1870,Standard,AllWeather,6649584,Aroof,84416,Jack Mitchell,15429,Mark Loughnane,3,,1,6,9-9,153,SP,,55,62,51
896018,Free Digital Racecard At raceday-ready.com Handicap (Div II),513,Wolverhampton (AW),05/22/2025 19:30:00,Other,Class 6,,0-55,3yo,None,1m½f,8.5,1709,1870,Standard,AllWeather,6327831,Ignition,103198,Jack Doughty,41218,Edward Smyth-Osbourne,3,b,2,7,9-8,152,SP,,54,66,63
896018,Free Digital Racecard At raceday-ready.com Handicap (Div II),513,Wolverhampton (AW),05/22/2025 19:30:00,Other,Class 6,,0-55,3yo,None,1m½f,8.5,1709,1870,Standard,AllWeather,7334604,Pomme Pomme,94158,Edward Greatrex,40161,Jack Channon,3,,3,8,9-7,151,SP,,53,63,30
896018,Free Digital Racecard At raceday-ready.com Handicap (Div II),513,Wolverhampton (AW),05/22/2025 19:30:00,Other,Class 6,,0-55,3yo,None,1m½f,8.5,1709,1870,Standard,AllWeather,5884237,Kilteel,98519,Cieren Fallon,9036,Ed Dunlop,3,,4,1,9-6,150,SP,,52,66,53
896018,Free Digital Racecard At raceday-ready.com Handicap (Div II),513,Wolverhampton (AW),05/22/2025 19:30:00,Other,Class 6,,0-55,3yo,None,1m½f,8.5,1709,1870,Standard,AllWeather,58956175,Scenario,101259,Joe Leavy,39483,Jack Jones,3,,5,2,9-6,150,SP,,52,61,44
896018,Free Digital Racecard At raceday-ready.com Handicap (Div II),513,Wolverhampton (AW),05/22/2025 19:30:00,Other,Class 6,,0-55,3yo,None,1m½f,8.5,1709,1870,Standard,AllWeather,7191398,Pure Imagination,91857,Daniel Muscutt,41983,Michael Keady,3,tp,6,3,9-4,148,SP,,50,51,19
896018,Free Digital Racecard At raceday-ready.com Handicap (Div II),513,Wolverhampton (AW),05/22/2025 19:30:00,Other,Class 6,,0-55,3yo,None,1m½f,8.5,1709,1870,Standard,AllWeather,7148055,Benny The Bouncer,104019,Warren Fentiman,40430,Damien Wingrove,3,p,7,5,9-4,148,SP,,50,57,
896018,Free Digital Racecard At raceday-ready.com Handicap (Div II),513,Wolverhampton (AW),05/22/2025 19:30:00,Other,Class 6,,0-55,3yo,None,1m½f,8.5,1709,1870,Standard,AllWeather,6436500,Invincible Storm,102723,Ryan Kavanagh,7300,Ed de Giles,3,,8,10,9-2,146,SP,,48,63,42
896018,Free Digital Racecard At raceday-ready.com Handicap (Div II),513,Wolverhampton (AW),05/22/2025 19:30:00,Other,Class 6,,0-55,3yo,None,1m½f,8.5,1709,1870,Standard,AllWeather,5708806,Mighty Real,100350,Saffie Osborne,10704,Hughie Morrison,3,,9,4,9-0,144,SP,,46,52,
896018,Free Digital Racecard At raceday-ready.com Handicap (Div II),513,Wolverhampton (AW),05/22/2025 19:30:00,Other,Class 6,,0-55,3yo,None,1m½f,8.5,1709,1870,Standard,AllWeather,6097216,Nanna Western,87589,Gina Mangan,14581,Georgina Nicholls,3,,10,9,9-0,144,SP,,46,40,
894199,Get The Inside Track With raceday-ready.com Handicap (Div I),513,Wolverhampton (AW),05/22/2025 20:00:00,Other,Class 6,,0-60,4yo+,None,7f,7,1407,1540,Standard,AllWeather,5059618,Fistral Beach,76872,P J McDonald,309,John Mackie,4,,1,2,9-9,153,SP,,60,72,51
894199,Get The Inside Track With raceday-ready.com Handicap (Div I),513,Wolverhampton (AW),05/22/2025 20:00:00,Other,Class 6,,0-60,4yo+,None,7f,7,1407,1540,Standard,AllWeather,4827024,Petra Celera,98519,Cieren Fallon,32385,Roger Fell,4,,2,5,9-9,153,SP,,60,72,53
894199,Get The Inside Track With raceday-ready.com Handicap (Div I),513,Wolverhampton (AW),05/22/2025 20:00:00,Other,Class 6,,0-60,4yo+,None,7f,7,1407,1540,Standard,AllWeather,5256236,Emerald Army,96669,Zak Wheatley,3297,Declan Carroll,4,,3,7,9-7,151,SP,,58,75,61
894199,Get The Inside Track With raceday-ready.com Handicap (Div I),513,Wolverhampton (AW),05/22/2025 20:00:00,Other,Class 6,,0-60,4yo+,None,7f,7,1407,1540,Standard,AllWeather,4839351,Classy Clarets,100380,Christian Howarth,38170,Alice Haynes,4,ht,4,8,9-7,151,SP,,58,70,70
894199,Get The Inside Track With raceday-ready.com Handicap (Div I),513,Wolverhampton (AW),05/22/2025 20:00:00,Other,Class 6,,0-60,4yo+,None,7f,7,1407,1540,Standard,AllWeather,4274177,White Umbrella,92774,Rob Hornby,13126,Christopher Kellett,6,p,5,3,9-7,151,SP,,58,73,62
894199,Get The Inside Track With raceday-ready.com Handicap (Div I),513,Wolverhampton (AW),05/22/2025 20:00:00,Other,Class 6,,0-60,4yo+,None,7f,7,1407,1540,Standard,AllWeather,4273975,Drafted,104019,Warren Fentiman,14293,Patrick Morris,5,p,6,10,9-6,150,SP,,57,74,62
894199,Get The Inside Track With raceday-ready.com Handicap (Div I),513,Wolverhampton (AW),05/22/2025 20:00:00,Other,Class 6,,0-60,4yo+,None,7f,7,1407,1540,Standard,AllWeather,3875264,The Cola Brasil,80421,Stevie Donohoe,4113,Michael Bell,9,p,7,6,9-6,150,SP,,57,73,66
894199,Get The Inside Track With raceday-ready.com Handicap (Div I),513,Wolverhampton (AW),05/22/2025 20:00:00,Other,Class 6,,0-60,4yo+,None,7f,7,1407,1540,Standard,AllWeather,5002219,Brother Dave,100350,Saffie Osborne,20045,Ruth Carr,5,,8,4,9-1,145,SP,,52,,
894199,Get The Inside Track With raceday-ready.com Handicap (Div I),513,Wolverhampton (AW),05/22/2025 20:00:00,Other,Class 6,,0-60,4yo+,None,7f,7,1407,1540,Standard,AllWeather,3217663,Embarked,103833,Jack Dace,26099,Scott Dixon,7,b,9,1,8-12,140,SP,,49,73,60
894199,Get The Inside Track With raceday-ready.com Handicap (Div I),513,Wolverhampton (AW),05/22/2025 20:00:00,Other,Class 6,,0-60,4yo+,None,7f,7,1407,1540,Standard,AllWeather,3668350,Miss Calculation,99878,Alex Jary,34717,Stella Barclay,6,p,10,9,8-9,137,SP,,46,70,62
896017,Get The Inside Track With raceday-ready.com Handicap (Div II),513,Wolverhampton (AW),05/22/2025 20:30:00,Other,Class 6,,0-60,4yo+,None,7f,7,1407,1540,Standard,AllWeather,3749594,Darbucks,81166,Andrew Mullen,13126,Christopher Kellett,6,,1,1,9-9,153,SP,,60,72,47
896017,Get The Inside Track With raceday-ready.com Handicap (Div II),513,Wolverhampton (AW),05/22/2025 20:30:00,Other,Class 6,,0-60,4yo+,None,7f,7,1407,1540,Standard,AllWeather,5063630,Woodleigh,96669,Zak Wheatley,3297,Declan Carroll,4,,2,7,9-7,151,SP,,58,71,36
896017,Get The Inside Track With raceday-ready.com Handicap (Div II),513,Wolverhampton (AW),05/22/2025 20:30:00,Other,Class 6,,0-60,4yo+,None,7f,7,1407,1540,Standard,AllWeather,1860182,Triggered,91857,Daniel Muscutt,15429,Mark Loughnane,9,,3,8,9-6,150,SP,,57,75,59
896017,Get The Inside Track With raceday-ready.com Handicap (Div II),513,Wolverhampton (AW),05/22/2025 20:30:00,Other,Class 6,,0-60,4yo+,None,7f,7,1407,1540,Standard,AllWeather,3880897,Capuchinero,100380,Christian Howarth,38170,Alice Haynes,6,tp,4,6,9-6,150,SP,,57,74,60
896017,Get The Inside Track With raceday-ready.com Handicap (Div II),513,Wolverhampton (AW),05/22/2025 20:30:00,Other,Class 6,,0-60,4yo+,None,7f,7,1407,1540,Standard,AllWeather,5172521,Diligent Henry,97584,Oliver Stammers,37813,Jessica Macey,4,b,5,3,9-6,150,SP,,57,71,56
896017,Get The Inside Track With raceday-ready.com Handicap (Div II),513,Wolverhampton (AW),05/22/2025 20:30:00,Other,Class 6,,0-60,4yo+,None,7f,7,1407,1540,Standard,AllWeather,3096167,Bowman,104019,Warren Fentiman,14293,Patrick Morris,7,p,6,4,9-6,150,SP,,57,71,71
896017,Get The Inside Track With raceday-ready.com Handicap (Div II),513,Wolverhampton (AW),05/22/2025 20:30:00,Other,Class 6,,0-60,4yo+,None,7f,7,1407,1540,Standard,AllWeather,4014032,Autumn Festival,98519,Cieren Fallon,7300,Ed de Giles,6,,7,5,9-1,145,SP,,52,73,55
896017,Get The Inside Track With raceday-ready.com Handicap (Div II),513,Wolverhampton (AW),05/22/2025 20:30:00,Other,Class 6,,0-60,4yo+,None,7f,7,1407,1540,Standard,AllWeather,2219524,Mudlahhim,103833,Jack Dace,26099,Scott Dixon,9,p,8,9,8-12,140,SP,,49,69,60
896017,Get The Inside Track With raceday-ready.com Handicap (Div II),513,Wolverhampton (AW),05/22/2025 20:30:00,Other,Class 6,,0-60,4yo+,None,7f,7,1407,1540,Standard,AllWeather,2456566,Rebel Redemption,103730,Isobelle Chalmers,26099,Scott Dixon,8,b,9,2,8-9,137,SP,,46,69,44
894197,Race And Rest - Wolverhampton Holiday Inn Fillies' Handicap,513,Wolverhampton (AW),05/22/2025 21:00:00,Other,Class 5,,0-70,3yo+,Fillies,7f,7,1407,1540,Standard,AllWeather,4522959,Sibyl Charm,98583,Mohammed Tabti,21516,Iain Jardine,5,,1,10,10-0,160,SP,,63,69,55
894197,Race And Rest - Wolverhampton Holiday Inn Fillies' Handicap,513,Wolverhampton (AW),05/22/2025 21:00:00,Other,Class 5,,0-70,3yo+,Fillies,7f,7,1407,1540,Standard,AllWeather,6402370,Ornately,91857,Daniel Muscutt,4540,James Fanshawe,3,h,2,8,9-9,153,SP,,69,71,47
894197,Race And Rest - Wolverhampton Holiday Inn Fillies' Handicap,513,Wolverhampton (AW),05/22/2025 21:00:00,Other,Class 5,,0-70,3yo+,Fillies,7f,7,1407,1540,Standard,AllWeather,6134869,Graduated,100350,Saffie Osborne,40965,Dr Richard Newland & Jamie Insole,3,,3,12,9-8,152,SP,,68,70,58
894197,Race And Rest - Wolverhampton Holiday Inn Fillies' Handicap,513,Wolverhampton (AW),05/22/2025 21:00:00,Other,Class 5,,0-70,3yo+,Fillies,7f,7,1407,1540,Standard,AllWeather,5946988,Suzette,95237,Harry Russell,19836,Ollie Pears,3,,4,2,9-8,152,SP,,68,64,23
894197,Race And Rest - Wolverhampton Holiday Inn Fillies' Handicap,513,Wolverhampton (AW),05/22/2025 21:00:00,Other,Class 5,,0-70,3yo+,Fillies,7f,7,1407,1540,Standard,AllWeather,6183951,Maids Head,104019,Warren Fentiman,9003,Marco Botti,3,p,5,11,9-7,151,SP,,67,72,54
894197,Race And Rest - Wolverhampton Holiday Inn Fillies' Handicap,513,Wolverhampton (AW),05/22/2025 21:00:00,Other,Class 5,,0-70,3yo+,Fillies,7f,7,1407,1540,Standard,AllWeather,5937868,Blue Empress,95441,Laura Coughlan,32276,Archie Watson,3,p,6,9,9-7,151,SP,,67,71,60
894197,Race And Rest - Wolverhampton Holiday Inn Fillies' Handicap,513,Wolverhampton (AW),05/22/2025 21:00:00,Other,Class 5,,0-70,3yo+,Fillies,7f,7,1407,1540,Standard,AllWeather,6197906,Little She,103198,Jack Doughty,12125,Marcus Tregoning,3,,7,4,9-6,150,SP,,66,70,54
894197,Race And Rest - Wolverhampton Holiday Inn Fillies' Handicap,513,Wolverhampton (AW),05/22/2025 21:00:00,Other,Class 5,,0-70,3yo+,Fillies,7f,7,1407,1540,Standard,AllWeather,6064565,Enchanted Way,87589,Gina Mangan,32276,Archie Watson,3,b,8,5,9-5,149,SP,,65,69,44
894197,Race And Rest - Wolverhampton Holiday Inn Fillies' Handicap,513,Wolverhampton (AW),05/22/2025 21:00:00,Other,Class 5,,0-70,3yo+,Fillies,7f,7,1407,1540,Standard,AllWeather,6087988,Dream Illusion,102773,Jack Nicholls,5019,K R Burke,3,p,9,3,9-2,146,SP,,62,69,56
894197,Race And Rest - Wolverhampton Holiday Inn Fillies' Handicap,513,Wolverhampton (AW),05/22/2025 21:00:00,Other,Class 5,,0-70,3yo+,Fillies,7f,7,1407,1540,Standard,AllWeather,6224690,Sheephavenbaystory,84416,Jack Mitchell,39326,James Horton,3,h,10,6,9-1,145,SP,,61,67,54
894197,Race And Rest - Wolverhampton Holiday Inn Fillies' Handicap,513,Wolverhampton (AW),05/22/2025 21:00:00,Other,Class 5,,0-70,3yo+,Fillies,7f,7,1407,1540,Standard,AllWeather,6983760,Dance Recital,98519,Cieren Fallon,41983,Michael Keady,3,,11,7,9-1,145,SP,,61,68,36
894197,Race And Rest - Wolverhampton Holiday Inn Fillies' Handicap,513,Wolverhampton (AW),05/22/2025 21:00:00,Other,Class 5,,0-70,3yo+,Fillies,7f,7,1407,1540,Standard,AllWeather,6134860,Boubou,92774,Rob Hornby,28265,Robert Stephens,3,,12,1,9-0,144,SP,,60,65,55
896013,Prix de Montretout (Listed Race) (4yo+) (Grande Course) (Turf),211,Longchamp,05/22/2025 15:38:00,Other,,Listed,,4yo+,None,1m,8,1608,1760,Soft,Turf,4644713,Marhaba Ya Sanafi,87600,Mickael Barzalona,12699,A Schutz,5,,1,4,9-0,144,SP,,,130,
896013,Prix de Montretout (Listed Race) (4yo+) (Grande Course) (Turf),211,Longchamp,05/22/2025 15:38:00,Other,,Listed,,4yo+,None,1m,8,1608,1760,Soft,Turf,5038626,Quddwah,93343,Callum Shepherd,37478,Simon & Ed Crisford,5,t,2,2,9-0,144,SP,,,132,
896013,Prix de Montretout (Listed Race) (4yo+) (Grande Course) (Turf),211,Longchamp,05/22/2025 15:38:00,Other,,Listed,,4yo+,None,1m,8,1608,1760,Soft,Turf,5758982,Quasar,98386,Augustin Madamet,39731,Xavier Blanchet,4,,4,3,9-0,144,SP,,,95,
896013,Prix de Montretout (Listed Race) (4yo+) (Grande Course) (Turf),211,Longchamp,05/22/2025 15:38:00,Other,,Listed,,4yo+,None,1m,8,1608,1760,Soft,Turf,3921742,Siam Paragon,75796,Christophe Soumillon,5042,G Doleuze,6,,5,5,9-0,144,SP,,,122,
896013,Prix de Montretout (Listed Race) (4yo+) (Grande Course) (Turf),211,Longchamp,05/22/2025 15:38:00,Other,,Listed,,4yo+,None,1m,8,1608,1760,Soft,Turf,5021365,Haatem,6901,James Doyle,28787,Richard Hannon,4,,6,6,9-0,144,SP,,,131,
896013,Prix de Montretout (Listed Race) (4yo+) (Grande Course) (Turf),211,Longchamp,05/22/2025 15:38:00,Other,,Listed,,4yo+,None,1m,8,1608,1760,Soft,Turf,6092495,Start Of Day,84951,Aurelien Lemaitre,35411,Christopher Head,4,,7,7,8-10,138,SP,,,128,
896014,Prix Hocquart (Group 3) (3yo) (Grande Course) (Turf),211,Longchamp,05/22/2025 16:13:00,Other,,(Group 3),,3yo,None,1m3f,11,2211,2420,Soft,Turf,7320613,Asmarani,87600,Mickael Barzalona,26118,F-H Graffard,3,,1,3,9-2,146,SP,,,108,
896014,Prix Hocquart (Group 3) (3yo) (Grande Course) (Turf),211,Longchamp,05/22/2025 16:13:00,Other,,(Group 3),,3yo,None,1m3f,11,2211,2420,Soft,Turf,6644937,Zekret,95774,Alexis Pouchin,1093,A Fabre,3,,2,5,9-2,146,SP,,,112,
896014,Prix Hocquart (Group 3) (3yo) (Grande Course) (Turf),211,Longchamp,05/22/2025 16:13:00,Other,,(Group 3),,3yo,None,1m3f,11,2211,2420,Soft,Turf,6618064,Zarakchic,88850,Cristian Demuro,23847,J Reynier,3,t,3,2,9-2,146,SP,,,94,
896014,Prix Hocquart (Group 3) (3yo) (Grande Course) (Turf),211,Longchamp,05/22/2025 16:13:00,Other,,(Group 3),,3yo,None,1m3f,11,2211,2420,Soft,Turf,6618065,Rafale Design,75796,Christophe Soumillon,20943,Y Barberot,3,,4,6,9-2,146,SP,,,107,
896014,Prix Hocquart (Group 3) (3yo) (Grande Course) (Turf),211,Longchamp,05/22/2025 16:13:00,Other,,(Group 3),,3yo,None,1m3f,11,2211,2420,Soft,Turf,7338940,Maupassant,94132,Marvin Grandin,8358,J-C Rouget,3,,5,1,9-2,146,SP,,,99,
896014,Prix Hocquart (Group 3) (3yo) (Grande Course) (Turf),211,Longchamp,05/22/2025 16:13:00,Other,,(Group 3),,3yo,None,1m3f,11,2211,2420,Soft,Turf,6238206,Duty,75539,Ioritz Mendizabal,14668,M Delzangles,3,t,6,7,9-2,146,SP,,,92,
896014,Prix Hocquart (Group 3) (3yo) (Grande Course) (Turf),211,Longchamp,05/22/2025 16:13:00,Other,,(Group 3),,3yo,None,1m3f,11,2211,2420,Soft,Turf,6728380,Golden Weaver,84951,Aurelien Lemaitre,14668,M Delzangles,3,t,7,9,9-2,146,SP,,,109,
896014,Prix Hocquart (Group 3) (3yo) (Grande Course) (Turf),211,Longchamp,05/22/2025 16:13:00,Other,,(Group 3),,3yo,None,1m3f,11,2211,2420,Soft,Turf,6582522,Lifetimes,2972,Adrie de Vries,12816,P Schiergen,3,,8,8,9-2,146,SP,,,110,
896014,Prix Hocquart (Group 3) (3yo) (Grande Course) (Turf),211,Longchamp,05/22/2025 16:13:00,Other,,(Group 3),,3yo,None,1m3f,11,2211,2420,Soft,Turf,6626243,Lazio,95340,Antonio Orani,16364,Waldemar Hickst,3,,9,4,9-2,146,SP,,,123,
896014,Prix Hocquart (Group 3) (3yo) (Grande Course) (Turf),211,Longchamp,05/22/2025 16:13:00,Other,,(Group 3),,3yo,None,1m3f,11,2211,2420,Soft,Turf,6790213,Avide,84879,Maxime Guyon,1093,A Fabre,3,,10,10,9-2,146,SP,,,108,
896013,Prix de Montretout (Listed Race) (4yo+) (Grande Course) (Turf),211,Longchamp,05/22/2025 15:38:00,Other,,Listed,,4yo+,None,1m,8,1608,1760,Soft,Turf,4644713,Marhaba Ya Sanafi,87600,Mickael Barzalona,12699,A Schutz,5,,1,4,9-0,144,SP,,,130,
896013,Prix de Montretout (Listed Race) (4yo+) (Grande Course) (Turf),211,Longchamp,05/22/2025 15:38:00,Other,,Listed,,4yo+,None,1m,8,1608,1760,Soft,Turf,5038626,Quddwah,93343,Callum Shepherd,37478,Simon & Ed Crisford,5,t,2,2,9-0,144,SP,,,132,
896013,Prix de Montretout (Listed Race) (4yo+) (Grande Course) (Turf),211,Longchamp,05/22/2025 15:38:00,Other,,Listed,,4yo+,None,1m,8,1608,1760,Soft,Turf,5758982,Quasar,98386,Augustin Madamet,39731,Xavier Blanchet,4,,4,3,9-0,144,SP,,,95,
896013,Prix de Montretout (Listed Race) (4yo+) (Grande Course) (Turf),211,Longchamp,05/22/2025 15:38:00,Other,,Listed,,4yo+,None,1m,8,1608,1760,Soft,Turf,3921742,Siam Paragon,75796,Christophe Soumillon,5042,G Doleuze,6,,5,5,9-0,144,SP,,,122,
896013,Prix de Montretout (Listed Race) (4yo+) (Grande Course) (Turf),211,Longchamp,05/22/2025 15:38:00,Other,,Listed,,4yo+,None,1m,8,1608,1760,Soft,Turf,5021365,Haatem,6901,James Doyle,28787,Richard Hannon,4,,6,6,9-0,144,SP,,,131,
896013,Prix de Montretout (Listed Race) (4yo+) (Grande Course) (Turf),211,Longchamp,05/22/2025 15:38:00,Other,,Listed,,4yo+,None,1m,8,1608,1760,Soft,Turf,6092495,Start Of Day,84951,Aurelien Lemaitre,35411,Christopher Head,4,,7,7,8-10,138,SP,,,128,
896014,Prix Hocquart (Group 3) (3yo) (Grande Course) (Turf),211,Longchamp,05/22/2025 16:13:00,Other,,(Group 3),,3yo,None,1m3f,11,2211,2420,Soft,Turf,7320613,Asmarani,87600,Mickael Barzalona,26118,F-H Graffard,3,,1,3,9-2,146,SP,,,108,
896014,Prix Hocquart (Group 3) (3yo) (Grande Course) (Turf),211,Longchamp,05/22/2025 16:13:00,Other,,(Group 3),,3yo,None,1m3f,11,2211,2420,Soft,Turf,6644937,Zekret,95774,Alexis Pouchin,1093,A Fabre,3,,2,5,9-2,146,SP,,,112,
896014,Prix Hocquart (Group 3) (3yo) (Grande Course) (Turf),211,Longchamp,05/22/2025 16:13:00,Other,,(Group 3),,3yo,None,1m3f,11,2211,2420,Soft,Turf,6618064,Zarakchic,88850,Cristian Demuro,23847,J Reynier,3,t,3,2,9-2,146,SP,,,94,
896014,Prix Hocquart (Group 3) (3yo) (Grande Course) (Turf),211,Longchamp,05/22/2025 16:13:00,Other,,(Group 3),,3yo,None,1m3f,11,2211,2420,Soft,Turf,6618065,Rafale Design,75796,Christophe Soumillon,20943,Y Barberot,3,,4,6,9-2,146,SP,,,107,
896014,Prix Hocquart (Group 3) (3yo) (Grande Course) (Turf),211,Longchamp,05/22/2025 16:13:00,Other,,(Group 3),,3yo,None,1m3f,11,2211,2420,Soft,Turf,7338940,Maupassant,94132,Marvin Grandin,8358,J-C Rouget,3,,5,1,9-2,146,SP,,,99,
896014,Prix Hocquart (Group 3) (3yo) (Grande Course) (Turf),211,Longchamp,05/22/2025 16:13:00,Other,,(Group 3),,3yo,None,1m3f,11,2211,2420,Soft,Turf,6238206,Duty,75539,Ioritz Mendizabal,14668,M Delzangles,3,t,6,7,9-2,146,SP,,,92,
896014,Prix Hocquart (Group 3) (3yo) (Grande Course) (Turf),211,Longchamp,05/22/2025 16:13:00,Other,,(Group 3),,3yo,None,1m3f,11,2211,2420,Soft,Turf,6728380,Golden Weaver,84951,Aurelien Lemaitre,14668,M Delzangles,3,t,7,9,9-2,146,SP,,,109,
896014,Prix Hocquart (Group 3) (3yo) (Grande Course) (Turf),211,Longchamp,05/22/2025 16:13:00,Other,,(Group 3),,3yo,None,1m3f,11,2211,2420,Soft,Turf,6582522,Lifetimes,2972,Adrie de Vries,12816,P Schiergen,3,,8,8,9-2,146,SP,,,110,
896014,Prix Hocquart (Group 3) (3yo) (Grande Course) (Turf),211,Longchamp,05/22/2025 16:13:00,Other,,(Group 3),,3yo,None,1m3f,11,2211,2420,Soft,Turf,6626243,Lazio,95340,Antonio Orani,16364,Waldemar Hickst,3,,9,4,9-2,146,SP,,,123,
896014,Prix Hocquart (Group 3) (3yo) (Grande Course) (Turf),211,Longchamp,05/22/2025 16:13:00,Other,,(Group 3),,3yo,None,1m3f,11,2211,2420,Soft,Turf,6790213,Avide,84879,Maxime Guyon,1093,A Fabre,3,,10,10,9-2,146,SP,,,108,
